{
"type": "FeatureCollection",
"name": "buildings_clean",
"crs": { "type": "name", "properties": { "name": "urn:ogc:def:crs:OGC:1.3:CRS84" } },
"features": [
{ "type": "Feature", "properties": { "value": 140.0, "area_m2": 1.767773343594273e-10 }, "geometry": { "type": "Polygon", "coordinates": [ [ [ 0.000693786412545, 0.000257374490707 ], [ 0.000693786460735, 0.000257374490707 ], [ 0.000693786460735, 0.000257374194679 ], [ 0.000693786412545, 0.000257374194679 ], [ 0.000693786412545, 0.000257374490707 ] ] ] } },
{ "type": "Feature", "properties": { "value": 140.0, "area_m2": 7.5761714730914056e-11 }, "geometry": { "type": "Polygon", "coordinates": [ [ [ 0.000693786364356, 0.000257374110099 ], [ 0.000693786412545, 0.000257374110099 ], [ 0.000693786412545, 0.00025737398323 ], [ 0.000693786364356, 0.00025737398323 ], [ 0.000693786364356, 0.000257374110099 ] ] ] } },
{ "type": "Feature", "properties": { "value": 140.0, "area_m2": 2.5253904909034136e-10 }, "geometry": { "type": "Polygon", "coordinates": [ [ [ 0.000693786316167, 0.000257373940941 ], [ 0.000693786364356, 0.000257373940941 ], [ 0.000693786364356, 0.000257373518044 ], [ 0.000693786316167, 0.000257373518044 ], [ 0.000693786316167, 0.000257373940941 ] ] ] } },
{ "type": "Feature", "properties": { "value": 140.0, "area_m2": 3.2324998282191501e-08 }, "geometry": { "type": "Polygon", "coordinates": [ [ [ 0.000693787713659, 0.000257374744445 ], [ 0.000693789689424, 0.000257374744445 ], [ 0.000693789689424, 0.000257374702155 ], [ 0.000693789737613, 0.000257374702155 ], [ 0.000693789737613, 0.000257374448417 ], [ 0.000693789785802, 0.000257374448417 ], [ 0.000693789785802, 0.000257373560333 ], [ 0.000693789737613, 0.000257373560333 ], [ 0.000693789737613, 0.000257373518044 ], [ 0.000693789689424, 0.000257373518044 ], [ 0.000693789689424, 0.000257373475754 ], [ 0.000693789544856, 0.000257373475754 ], [ 0.000693789544856, 0.000257373433464 ], [ 0.000693788966583, 0.000257373433464 ], [ 0.000693788966583, 0.000257373475754 ], [ 0.000693788581068, 0.000257373475754 ], [ 0.000693788581068, 0.000257373433464 ], [ 0.000693787761848, 0.000257373433464 ], [ 0.000693787761848, 0.000257373518044 ], [ 0.000693787810038, 0.000257373518044 ], [ 0.000693787810038, 0.000257373729492 ], [ 0.000693787761848, 0.000257373729492 ], [ 0.000693787761848, 0.000257374448417 ], [ 0.000693787713659, 0.000257374448417 ], [ 0.000693787713659, 0.000257374744445 ] ] ] } },
{ "type": "Feature", "properties": { "value": 140.0, "area_m2": 2.5253904916657432e-11 }, "geometry": { "type": "Polygon", "coordinates": [ [ [ 0.000693786364356, 0.000257373475754 ], [ 0.000693786412545, 0.000257373475754 ], [ 0.000693786412545, 0.000257373433464 ], [ 0.000693786364356, 0.000257373433464 ], [ 0.000693786364356, 0.000257373475754 ] ] ] } },
{ "type": "Feature", "properties": { "value": 124.0, "area_m2": 2.252648317774926e-08 }, "geometry": { "type": "Polygon", "coordinates": [ [ [ 0.000693786412545, 0.000257374744445 ], [ 0.000693787713659, 0.000257374744445 ], [ 0.000693787713659, 0.000257374448417 ], [ 0.000693787761848, 0.000257374448417 ], [ 0.000693787761848, 0.000257373729492 ], [ 0.000693787810038, 0.000257373729492 ], [ 0.000693787810038, 0.000257373518044 ], [ 0.000693787761848, 0.000257373518044 ], [ 0.000693787761848, 0.000257373433464 ], [ 0.000693787472712, 0.000257373433464 ], [ 0.000693787472712, 0.000257373391174 ], [ 0.000693786460735, 0.000257373391174 ], [ 0.000693786460735, 0.000257373433464 ], [ 0.000693786412545, 0.000257373433464 ], [ 0.000693786412545, 0.000257373475754 ], [ 0.000693786364356, 0.000257373475754 ], [ 0.000693786364356, 0.00025737398323 ], [ 0.000693786412545, 0.00025737398323 ], [ 0.000693786412545, 0.000257374194679 ], [ 0.000693786460735, 0.000257374194679 ], [ 0.000693786460735, 0.000257374490707 ], [ 0.000693786412545, 0.000257374490707 ], [ 0.000693786412545, 0.000257374744445 ] ] ] } },
{ "type": "Feature", "properties": { "value": 140.0, "area_m2": 2.5253904897599191e-11 }, "geometry": { "type": "Polygon", "coordinates": [ [ [ 0.000693786412545, 0.000257373433464 ], [ 0.000693786460735, 0.000257373433464 ], [ 0.000693786460735, 0.000257373391174 ], [ 0.000693786412545, 0.000257373391174 ], [ 0.000693786412545, 0.000257373433464 ] ] ] } },
{ "type": "Feature", "properties": { "value": 140.0, "area_m2": 1.0101561959039676e-10 }, "geometry": { "type": "Polygon", "coordinates": [ [ [ 0.000693787472712, 0.000257373433464 ], [ 0.000693787665469, 0.000257373433464 ], [ 0.000693787665469, 0.000257373391174 ], [ 0.000693787472712, 0.000257373391174 ], [ 0.000693787472712, 0.000257373433464 ] ] ] } },
{ "type": "Feature", "properties": { "value": 140.0, "area_m2": 2.5253904916657432e-11 }, "geometry": { "type": "Polygon", "coordinates": [ [ [ 0.000693786653492, 0.000257373391174 ], [ 0.000693786701682, 0.000257373391174 ], [ 0.000693786701682, 0.000257373348885 ], [ 0.000693786653492, 0.000257373348885 ], [ 0.000693786653492, 0.000257373391174 ] ] ] } },
{ "type": "Feature", "properties": { "value": 125.0, "area_m2": 2.3511385469346434e-08 }, "geometry": { "type": "Polygon", "coordinates": [ [ [ 0.000693782268258, 0.000257374744445 ], [ 0.000693783472993, 0.000257374744445 ], [ 0.000693783472993, 0.000257373348885 ], [ 0.000693783424803, 0.000257373348885 ], [ 0.000693783424803, 0.000257373264305 ], [ 0.000693783376614, 0.000257373264305 ], [ 0.000693783376614, 0.000257373222016 ], [ 0.000693783328425, 0.000257373222016 ], [ 0.000693783328425, 0.000257373179726 ], [ 0.000693783280235, 0.000257373179726 ], [ 0.000693783280235, 0.000257373137436 ], [ 0.000693783135667, 0.000257373137436 ], [ 0.000693783135667, 0.000257373095146 ], [ 0.000693782701963, 0.000257373095146 ], [ 0.000693782701963, 0.000257373137436 ], [ 0.000693782461016, 0.000257373137436 ], [ 0.000693782461016, 0.000257373179726 ], [ 0.000693782364637, 0.000257373179726 ], [ 0.000693782364637, 0.000257373222016 ], [ 0.000693782316447, 0.000257373222016 ], [ 0.000693782316447, 0.000257373687202 ], [ 0.000693782268258, 0.000257373687202 ], [ 0.000693782268258, 0.000257374744445 ] ] ] } },
{ "type": "Feature", "properties": { "value": 101.0, "area_m2": 1.4015917223846907e-08 }, "geometry": { "type": "Polygon", "coordinates": [ [ [ 0.000693799520059, 0.000257374152389 ], [ 0.000693800291089, 0.000257374152389 ], [ 0.000693800291089, 0.000257374110099 ], [ 0.000693800339278, 0.000257374110099 ], [ 0.000693800339278, 0.000257373856361 ], [ 0.000693800387468, 0.000257373856361 ], [ 0.000693800387468, 0.000257373137436 ], [ 0.000693800339278, 0.000257373137436 ], [ 0.000693800339278, 0.000257373095146 ], [ 0.000693799953763, 0.000257373095146 ], [ 0.000693799953763, 0.000257373052857 ], [ 0.000693799520059, 0.000257373052857 ], [ 0.000693799520059, 0.000257373095146 ], [ 0.00069379942368, 0.000257373095146 ], [ 0.00069379942368, 0.000257373137436 ], [ 0.00069379937549, 0.000257373137436 ], [ 0.00069379937549, 0.000257373222016 ], [ 0.000693799327301, 0.000257373222016 ], [ 0.000693799327301, 0.000257373602623 ], [ 0.000693799279112, 0.000257373602623 ], [ 0.000693799279112, 0.00025737398323 ], [ 0.000693799230922, 0.00025737398323 ], [ 0.000693799230922, 0.00025737406781 ], [ 0.000693799327301, 0.00025737406781 ], [ 0.000693799327301, 0.000257374110099 ], [ 0.000693799520059, 0.000257374110099 ], [ 0.000693799520059, 0.000257374152389 ] ] ] } },
{ "type": "Feature", "properties": { "value": 127.0, "area_m2": 1.0758163491084641e-08 }, "geometry": { "type": "Polygon", "coordinates": [ [ [ 0.000693799520059, 0.000257374321548 ], [ 0.000693800435657, 0.000257374321548 ], [ 0.000693800435657, 0.000257374279258 ], [ 0.000693800483846, 0.000257374279258 ], [ 0.000693800483846, 0.000257374152389 ], [ 0.000693800532036, 0.000257374152389 ], [ 0.000693800532036, 0.000257373518044 ], [ 0.000693800580225, 0.000257373518044 ], [ 0.000693800580225, 0.000257373010567 ], [ 0.000693800532036, 0.000257373010567 ], [ 0.000693800532036, 0.000257372968277 ], [ 0.000693800483846, 0.000257372968277 ], [ 0.000693800483846, 0.000257372925988 ], [ 0.000693800242899, 0.000257372925988 ], [ 0.000693800242899, 0.000257372883698 ], [ 0.000693799230922, 0.000257372883698 ], [ 0.000693799230922, 0.000257372968277 ], [ 0.000693799182733, 0.000257372968277 ], [ 0.000693799182733, 0.000257373179726 ], [ 0.000693799134544, 0.000257373179726 ], [ 0.000693799134544, 0.000257373644913 ], [ 0.000693799086354, 0.000257373644913 ], [ 0.000693799086354, 0.000257374194679 ], [ 0.000693799134544, 0.000257374194679 ], [ 0.000693799134544, 0.000257374236969 ], [ 0.000693799182733, 0.000257374236969 ], [ 0.000693799182733, 0.000257374279258 ], [ 0.000693799520059, 0.000257374279258 ], [ 0.000693799520059, 0.000257374321548 ] ], [ [ 0.000693799520059, 0.000257374152389 ], [ 0.000693799520059, 0.000257374110099 ], [ 0.000693799327301, 0.000257374110099 ], [ 0.000693799327301, 0.00025737406781 ], [ 0.000693799230922, 0.00025737406781 ], [ 0.000693799230922, 0.00025737398323 ], [ 0.000693799279112, 0.00025737398323 ], [ 0.000693799279112, 0.000257373602623 ], [ 0.000693799327301, 0.000257373602623 ], [ 0.000693799327301, 0.000257373222016 ], [ 0.00069379937549, 0.000257373222016 ], [ 0.00069379937549, 0.000257373137436 ], [ 0.00069379942368, 0.000257373137436 ], [ 0.00069379942368, 0.000257373095146 ], [ 0.000693799520059, 0.000257373095146 ], [ 0.000693799520059, 0.000257373052857 ], [ 0.000693799953763, 0.000257373052857 ], [ 0.000693799953763, 0.000257373095146 ], [ 0.000693800339278, 0.000257373095146 ], [ 0.000693800339278, 0.000257373137436 ], [ 0.000693800387468, 0.000257373137436 ], [ 0.000693800387468, 0.000257373856361 ], [ 0.000693800339278, 0.000257373856361 ], [ 0.000693800339278, 0.000257374110099 ], [ 0.000693800291089, 0.000257374110099 ], [ 0.000693800291089, 0.000257374152389 ], [ 0.000693799520059, 0.000257374152389 ] ] ] } },
{ "type": "Feature", "properties": { "value": 23.0, "area_m2": 5.2275583161471962e-09 }, "geometry": { "type": "Polygon", "coordinates": [ [ [ 0.000693778557675, 0.000257373391174 ], [ 0.000693779184137, 0.000257373391174 ], [ 0.000693779184137, 0.000257373348885 ], [ 0.000693779232327, 0.000257373348885 ], [ 0.000693779232327, 0.000257373137436 ], [ 0.000693779280516, 0.000257373137436 ], [ 0.000693779280516, 0.000257372968277 ], [ 0.000693779232327, 0.000257372968277 ], [ 0.000693779232327, 0.000257372925988 ], [ 0.000693779184137, 0.000257372925988 ], [ 0.000693779184137, 0.000257372883698 ], [ 0.000693778895001, 0.000257372883698 ], [ 0.000693778895001, 0.000257372841408 ], [ 0.000693778509486, 0.000257372841408 ], [ 0.000693778509486, 0.000257372883698 ], [ 0.000693778413107, 0.000257372883698 ], [ 0.000693778413107, 0.000257373179726 ], [ 0.000693778461296, 0.000257373179726 ], [ 0.000693778461296, 0.000257373348885 ], [ 0.000693778557675, 0.000257373348885 ], [ 0.000693778557675, 0.000257373391174 ] ] ] } },
{ "type": "Feature", "properties": { "value": 89.0, "area_m2": 1.12379876841962e-08 }, "geometry": { "type": "Polygon", "coordinates": [ [ [ 0.000693776822857, 0.000257373518044 ], [ 0.000693777497509, 0.000257373518044 ], [ 0.000693777497509, 0.000257373475754 ], [ 0.000693777545698, 0.000257373475754 ], [ 0.000693777545698, 0.000257373433464 ], [ 0.000693777593888, 0.000257373433464 ], [ 0.000693777593888, 0.000257373095146 ], [ 0.000693777642077, 0.000257373095146 ], [ 0.000693777642077, 0.000257372925988 ], [ 0.000693777690266, 0.000257372925988 ], [ 0.000693777690266, 0.000257372883698 ], [ 0.000693777642077, 0.000257372883698 ], [ 0.000693777642077, 0.000257372799118 ], [ 0.000693777593888, 0.000257372799118 ], [ 0.000693777593888, 0.000257372756829 ], [ 0.000693777160183, 0.000257372756829 ], [ 0.000693777160183, 0.000257372714539 ], [ 0.000693777015615, 0.000257372714539 ], [ 0.000693777015615, 0.000257372756829 ], [ 0.000693776437342, 0.000257372756829 ], [ 0.000693776437342, 0.000257372841408 ], [ 0.000693776389153, 0.000257372841408 ], [ 0.000693776389153, 0.000257373433464 ], [ 0.000693776485532, 0.000257373433464 ], [ 0.000693776485532, 0.000257373475754 ], [ 0.000693776822857, 0.000257373475754 ], [ 0.000693776822857, 0.000257373518044 ] ] ] } },
{ "type": "Feature", "properties": { "value": 130.0, "area_m2": 2.7097439966215829e-08 }, "geometry": { "type": "Polygon", "coordinates": [ [ [ 0.000693795664908, 0.000257374152389 ], [ 0.000693796194991, 0.000257374152389 ], [ 0.000693796194991, 0.000257374110099 ], [ 0.000693796339559, 0.000257374110099 ], [ 0.000693796339559, 0.00025737406781 ], [ 0.000693796387748, 0.00025737406781 ], [ 0.000693796387748, 0.00025737402552 ], [ 0.000693796484127, 0.00025737402552 ], [ 0.000693796484127, 0.00025737398323 ], [ 0.000693796532317, 0.00025737398323 ], [ 0.000693796532317, 0.000257373940941 ], [ 0.000693796580506, 0.000257373940941 ], [ 0.000693796580506, 0.000257373898651 ], [ 0.000693796628695, 0.000257373898651 ], [ 0.000693796628695, 0.000257373814071 ], [ 0.000693796676885, 0.000257373814071 ], [ 0.000693796676885, 0.000257373729492 ], [ 0.000693796725074, 0.000257373729492 ], [ 0.000693796725074, 0.000257373644913 ], [ 0.000693796773264, 0.000257373644913 ], [ 0.000693796773264, 0.000257373179726 ], [ 0.000693796725074, 0.000257373179726 ], [ 0.000693796725074, 0.000257373052857 ], [ 0.000693796676885, 0.000257373052857 ], [ 0.000693796676885, 0.000257373010567 ], [ 0.000693796628695, 0.000257373010567 ], [ 0.000693796628695, 0.000257372925988 ], [ 0.000693796580506, 0.000257372925988 ], [ 0.000693796580506, 0.000257372883698 ], [ 0.000693796532317, 0.000257372883698 ], [ 0.000693796532317, 0.000257372841408 ], [ 0.000693796484127, 0.000257372841408 ], [ 0.000693796484127, 0.000257372799118 ], [ 0.000693796387748, 0.000257372799118 ], [ 0.000693796387748, 0.000257372756829 ], [ 0.000693796339559, 0.000257372756829 ], [ 0.000693796339559, 0.000257372714539 ], [ 0.00069379624318, 0.000257372714539 ], [ 0.00069379624318, 0.000257372672249 ], [ 0.000693796050423, 0.000257372672249 ], [ 0.000693796050423, 0.00025737262996 ], [ 0.00069379547215, 0.00025737262996 ], [ 0.00069379547215, 0.000257372672249 ], [ 0.000693795423961, 0.000257372672249 ], [ 0.000693795423961, 0.000257372714539 ], [ 0.000693795375771, 0.000257372714539 ], [ 0.000693795375771, 0.000257372756829 ], [ 0.000693795327582, 0.000257372756829 ], [ 0.000693795327582, 0.000257372799118 ], [ 0.000693795279393, 0.000257372799118 ], [ 0.000693795279393, 0.000257372841408 ], [ 0.000693795231203, 0.000257372841408 ], [ 0.000693795231203, 0.000257372883698 ], [ 0.000693795183014, 0.000257372883698 ], [ 0.000693795183014, 0.000257372925988 ], [ 0.000693795134824, 0.000257372925988 ], [ 0.000693795134824, 0.000257373010567 ], [ 0.000693795086635, 0.000257373010567 ], [ 0.000693795086635, 0.000257373095146 ], [ 0.000693795038446, 0.000257373095146 ], [ 0.000693795038446, 0.000257373222016 ], [ 0.000693794990256, 0.000257373222016 ], [ 0.000693794990256, 0.000257373475754 ], [ 0.000693795038446, 0.000257373475754 ], [ 0.000693795038446, 0.000257373687202 ], [ 0.000693795086635, 0.000257373687202 ], [ 0.000693795086635, 0.000257373771782 ], [ 0.000693795134824, 0.000257373771782 ], [ 0.000693795134824, 0.000257373856361 ], [ 0.000693795183014, 0.000257373856361 ], [ 0.000693795183014, 0.000257373898651 ], [ 0.000693795231203, 0.000257373898651 ], [ 0.000693795231203, 0.000257373940941 ], [ 0.000693795279393, 0.000257373940941 ], [ 0.000693795279393, 0.00025737398323 ], [ 0.000693795375771, 0.00025737398323 ], [ 0.000693795375771, 0.00025737402552 ], [ 0.000693795423961, 0.00025737402552 ], [ 0.000693795423961, 0.00025737406781 ], [ 0.00069379552034, 0.00025737406781 ], [ 0.00069379552034, 0.000257374110099 ], [ 0.000693795664908, 0.000257374110099 ], [ 0.000693795664908, 0.000257374152389 ] ] ] } },
{ "type": "Feature", "properties": { "value": 55.0, "area_m2": 8.3842964295096479e-09 }, "geometry": { "type": "Polygon", "coordinates": [ [ [ 0.000693772100297, 0.000257373560333 ], [ 0.000693772293055, 0.000257373560333 ], [ 0.000693772293055, 0.000257373518044 ], [ 0.000693772341244, 0.000257373518044 ], [ 0.000693772341244, 0.000257373475754 ], [ 0.000693772389434, 0.000257373475754 ], [ 0.000693772389434, 0.000257373433464 ], [ 0.000693772437623, 0.000257373433464 ], [ 0.000693772437623, 0.000257373391174 ], [ 0.000693772485812, 0.000257373391174 ], [ 0.000693772485812, 0.000257373348885 ], [ 0.000693772534002, 0.000257373348885 ], [ 0.000693772534002, 0.000257373306595 ], [ 0.000693772582191, 0.000257373306595 ], [ 0.000693772582191, 0.000257373264305 ], [ 0.000693772630381, 0.000257373264305 ], [ 0.000693772630381, 0.000257373222016 ], [ 0.00069377267857, 0.000257373222016 ], [ 0.00069377267857, 0.000257373179726 ], [ 0.000693772726759, 0.000257373179726 ], [ 0.000693772726759, 0.000257373095146 ], [ 0.000693772774949, 0.000257373095146 ], [ 0.000693772774949, 0.000257373052857 ], [ 0.000693772823138, 0.000257373052857 ], [ 0.000693772823138, 0.000257373010567 ], [ 0.000693772871328, 0.000257373010567 ], [ 0.000693772871328, 0.000257372883698 ], [ 0.000693772823138, 0.000257372883698 ], [ 0.000693772823138, 0.000257372841408 ], [ 0.000693772774949, 0.000257372841408 ], [ 0.000693772774949, 0.000257372799118 ], [ 0.000693772726759, 0.000257372799118 ], [ 0.000693772726759, 0.000257372756829 ], [ 0.000693772630381, 0.000257372756829 ], [ 0.000693772630381, 0.000257372714539 ], [ 0.000693772534002, 0.000257372714539 ], [ 0.000693772534002, 0.000257372672249 ], [ 0.000693772485812, 0.000257372672249 ], [ 0.000693772485812, 0.00025737262996 ], [ 0.000693772389434, 0.00025737262996 ], [ 0.000693772389434, 0.00025737258767 ], [ 0.000693772293055, 0.00025737258767 ], [ 0.000693772293055, 0.00025737254538 ], [ 0.000693772196676, 0.00025737254538 ], [ 0.000693772196676, 0.00025737250309 ], [ 0.000693772052108, 0.00025737250309 ], [ 0.000693772052108, 0.000257372714539 ], [ 0.000693772003919, 0.000257372714539 ], [ 0.000693772003919, 0.000257372883698 ], [ 0.000693771955729, 0.000257372883698 ], [ 0.000693771955729, 0.000257373010567 ], [ 0.00069377190754, 0.000257373010567 ], [ 0.00069377190754, 0.000257373137436 ], [ 0.00069377185935, 0.000257373137436 ], [ 0.00069377185935, 0.000257373222016 ], [ 0.000693771811161, 0.000257373222016 ], [ 0.000693771811161, 0.000257373348885 ], [ 0.00069377185935, 0.000257373348885 ], [ 0.00069377185935, 0.000257373391174 ], [ 0.00069377190754, 0.000257373391174 ], [ 0.00069377190754, 0.000257373433464 ], [ 0.000693771955729, 0.000257373433464 ], [ 0.000693771955729, 0.000257373475754 ], [ 0.000693772052108, 0.000257373475754 ], [ 0.000693772052108, 0.000257373518044 ], [ 0.000693772100297, 0.000257373518044 ], [ 0.000693772100297, 0.000257373560333 ] ] ] } },
{ "type": "Feature", "properties": { "value": 113.0, "area_m2": 1.8511112297582562e-08 }, "geometry": { "type": "Polygon", "coordinates": [ [ [ 0.000693770413669, 0.000257373518044 ], [ 0.000693770558237, 0.000257373518044 ], [ 0.000693770558237, 0.000257373475754 ], [ 0.000693770606426, 0.000257373475754 ], [ 0.000693770606426, 0.000257373433464 ], [ 0.000693770654616, 0.000257373433464 ], [ 0.000693770654616, 0.000257373348885 ], [ 0.000693770702805, 0.000257373348885 ], [ 0.000693770702805, 0.000257373222016 ], [ 0.000693770750995, 0.000257373222016 ], [ 0.000693770750995, 0.000257373137436 ], [ 0.000693770799184, 0.000257373137436 ], [ 0.000693770799184, 0.000257373095146 ], [ 0.000693770847373, 0.000257373095146 ], [ 0.000693770847373, 0.000257372714539 ], [ 0.000693770799184, 0.000257372714539 ], [ 0.000693770799184, 0.00025737258767 ], [ 0.000693770750995, 0.00025737258767 ], [ 0.000693770750995, 0.000257372460801 ], [ 0.000693770702805, 0.000257372460801 ], [ 0.000693770702805, 0.000257372376221 ], [ 0.000693770654616, 0.000257372376221 ], [ 0.000693770654616, 0.000257372249352 ], [ 0.000693770606426, 0.000257372249352 ], [ 0.000693770606426, 0.000257372207062 ], [ 0.000693770558237, 0.000257372207062 ], [ 0.000693770558237, 0.000257372164773 ], [ 0.000693770461858, 0.000257372164773 ], [ 0.000693770461858, 0.000257372122483 ], [ 0.000693770413669, 0.000257372122483 ], [ 0.000693770413669, 0.000257372080193 ], [ 0.000693770269101, 0.000257372080193 ], [ 0.000693770269101, 0.000257372037904 ], [ 0.000693770172722, 0.000257372037904 ], [ 0.000693770172722, 0.000257371995614 ], [ 0.000693769979964, 0.000257371995614 ], [ 0.000693769979964, 0.000257371953324 ], [ 0.000693769739017, 0.000257371953324 ], [ 0.000693769739017, 0.000257372037904 ], [ 0.000693769690828, 0.000257372037904 ], [ 0.000693769690828, 0.000257372207062 ], [ 0.000693769642639, 0.000257372207062 ], [ 0.000693769642639, 0.000257372333932 ], [ 0.000693769594449, 0.000257372333932 ], [ 0.000693769594449, 0.00025737250309 ], [ 0.00069376954626, 0.00025737250309 ], [ 0.00069376954626, 0.000257372714539 ], [ 0.00069376949807, 0.000257372714539 ], [ 0.00069376949807, 0.000257372841408 ], [ 0.00069376954626, 0.000257372841408 ], [ 0.00069376954626, 0.000257373052857 ], [ 0.000693769642639, 0.000257373052857 ], [ 0.000693769642639, 0.000257373095146 ], [ 0.000693769690828, 0.000257373095146 ], [ 0.000693769690828, 0.000257373137436 ], [ 0.000693769787207, 0.000257373137436 ], [ 0.000693769787207, 0.000257373179726 ], [ 0.000693769883586, 0.000257373179726 ], [ 0.000693769883586, 0.000257373222016 ], [ 0.000693769979964, 0.000257373222016 ], [ 0.000693769979964, 0.000257373264305 ], [ 0.000693770028154, 0.000257373264305 ], [ 0.000693770028154, 0.000257373306595 ], [ 0.000693770076343, 0.000257373306595 ], [ 0.000693770076343, 0.000257373348885 ], [ 0.000693770172722, 0.000257373348885 ], [ 0.000693770172722, 0.000257373391174 ], [ 0.000693770220911, 0.000257373391174 ], [ 0.000693770220911, 0.000257373433464 ], [ 0.000693770269101, 0.000257373433464 ], [ 0.000693770269101, 0.000257373475754 ], [ 0.000693770413669, 0.000257373475754 ], [ 0.000693770413669, 0.000257373518044 ] ] ] } },
{ "type": "Feature", "properties": { "value": 42.0, "area_m2": 6.8438082302224664e-09 }, "geometry": { "type": "Polygon", "coordinates": [ [ [ 0.000693787279954, 0.000257371657296 ], [ 0.000693787810038, 0.000257371657296 ], [ 0.000693787810038, 0.000257371615007 ], [ 0.000693787906416, 0.000257371615007 ], [ 0.000693787906416, 0.000257371318979 ], [ 0.000693787954606, 0.000257371318979 ], [ 0.000693787954606, 0.00025737114982 ], [ 0.000693787906416, 0.00025737114982 ], [ 0.000693787906416, 0.00025737110753 ], [ 0.000693787761848, 0.00025737110753 ], [ 0.000693787761848, 0.00025737106524 ], [ 0.000693787087197, 0.00025737106524 ], [ 0.000693787087197, 0.00025737110753 ], [ 0.000693787039007, 0.00025737110753 ], [ 0.000693787039007, 0.00025737114982 ], [ 0.000693786990818, 0.00025737114982 ], [ 0.000693786990818, 0.000257371192109 ], [ 0.000693786942629, 0.000257371192109 ], [ 0.000693786942629, 0.000257371318979 ], [ 0.000693786894439, 0.000257371318979 ], [ 0.000693786894439, 0.000257371530427 ], [ 0.000693786942629, 0.000257371530427 ], [ 0.000693786942629, 0.000257371615007 ], [ 0.000693787279954, 0.000257371615007 ], [ 0.000693787279954, 0.000257371657296 ] ] ] } },
{ "type": "Feature", "properties": { "value": 106.0, "area_m2": 1.5682674947946074e-08 }, "geometry": { "type": "Polygon", "coordinates": [ [ [ 0.000693795809476, 0.000257372164773 ], [ 0.000693796194991, 0.000257372164773 ], [ 0.000693796194991, 0.000257372122483 ], [ 0.00069379629137, 0.000257372122483 ], [ 0.00069379629137, 0.000257372080193 ], [ 0.000693796387748, 0.000257372080193 ], [ 0.000693796387748, 0.000257372037904 ], [ 0.000693796435938, 0.000257372037904 ], [ 0.000693796435938, 0.000257371953324 ], [ 0.000693796484127, 0.000257371953324 ], [ 0.000693796484127, 0.000257371911034 ], [ 0.000693796532317, 0.000257371911034 ], [ 0.000693796532317, 0.000257371826455 ], [ 0.000693796580506, 0.000257371826455 ], [ 0.000693796580506, 0.000257371699586 ], [ 0.000693796628695, 0.000257371699586 ], [ 0.000693796628695, 0.000257371572717 ], [ 0.000693796580506, 0.000257371572717 ], [ 0.000693796580506, 0.000257371403558 ], [ 0.000693796532317, 0.000257371403558 ], [ 0.000693796532317, 0.000257371318979 ], [ 0.000693796484127, 0.000257371318979 ], [ 0.000693796484127, 0.000257371276689 ], [ 0.000693796435938, 0.000257371276689 ], [ 0.000693796435938, 0.000257371192109 ], [ 0.000693796387748, 0.000257371192109 ], [ 0.000693796387748, 0.00025737114982 ], [ 0.00069379629137, 0.00025737114982 ], [ 0.00069379629137, 0.00025737110753 ], [ 0.00069379624318, 0.00025737110753 ], [ 0.00069379624318, 0.00025737106524 ], [ 0.000693796002233, 0.00025737106524 ], [ 0.000693796002233, 0.000257371022951 ], [ 0.00069379552034, 0.000257371022951 ], [ 0.00069379552034, 0.00025737106524 ], [ 0.000693795423961, 0.00025737106524 ], [ 0.000693795423961, 0.00025737110753 ], [ 0.000693795375771, 0.00025737110753 ], [ 0.000693795375771, 0.00025737114982 ], [ 0.000693795327582, 0.00025737114982 ], [ 0.000693795327582, 0.000257371192109 ], [ 0.000693795279393, 0.000257371192109 ], [ 0.000693795279393, 0.000257371276689 ], [ 0.000693795231203, 0.000257371276689 ], [ 0.000693795231203, 0.000257371657296 ], [ 0.000693795279393, 0.000257371657296 ], [ 0.000693795279393, 0.000257371784165 ], [ 0.000693795327582, 0.000257371784165 ], [ 0.000693795327582, 0.000257371826455 ], [ 0.000693795375771, 0.000257371826455 ], [ 0.000693795375771, 0.000257371911034 ], [ 0.000693795423961, 0.000257371911034 ], [ 0.000693795423961, 0.000257371953324 ], [ 0.00069379547215, 0.000257371953324 ], [ 0.00069379547215, 0.000257371995614 ], [ 0.00069379552034, 0.000257371995614 ], [ 0.00069379552034, 0.000257372037904 ], [ 0.000693795568529, 0.000257372037904 ], [ 0.000693795568529, 0.000257372080193 ], [ 0.000693795664908, 0.000257372080193 ], [ 0.000693795664908, 0.000257372122483 ], [ 0.000693795809476, 0.000257372122483 ], [ 0.000693795809476, 0.000257372164773 ] ] ] } },
{ "type": "Feature", "properties": { "value": 41.0, "area_m2": 6.717538705620121e-09 }, "geometry": { "type": "Polygon", "coordinates": [ [ [ 0.000693780099736, 0.000257371318979 ], [ 0.000693780244304, 0.000257371318979 ], [ 0.000693780244304, 0.000257371276689 ], [ 0.000693780292493, 0.000257371276689 ], [ 0.000693780292493, 0.000257371234399 ], [ 0.000693780340683, 0.000257371234399 ], [ 0.000693780340683, 0.00025737114982 ], [ 0.000693780388872, 0.00025737114982 ], [ 0.000693780388872, 0.000257371022951 ], [ 0.000693780437061, 0.000257371022951 ], [ 0.000693780437061, 0.000257370600053 ], [ 0.000693780388872, 0.000257370600053 ], [ 0.000693780388872, 0.000257370557764 ], [ 0.000693780340683, 0.000257370557764 ], [ 0.000693780340683, 0.000257370515474 ], [ 0.000693780292493, 0.000257370515474 ], [ 0.000693780292493, 0.000257370473184 ], [ 0.000693780196114, 0.000257370473184 ], [ 0.000693780196114, 0.000257370430895 ], [ 0.000693779714221, 0.000257370430895 ], [ 0.000693779714221, 0.000257370473184 ], [ 0.000693779666031, 0.000257370473184 ], [ 0.000693779666031, 0.000257370557764 ], [ 0.000693779617842, 0.000257370557764 ], [ 0.000693779617842, 0.000257370769212 ], [ 0.000693779666031, 0.000257370769212 ], [ 0.000693779666031, 0.000257370811502 ], [ 0.000693779714221, 0.000257370811502 ], [ 0.000693779714221, 0.000257370853792 ], [ 0.00069377976241, 0.000257370853792 ], [ 0.00069377976241, 0.000257370980661 ], [ 0.000693779810599, 0.000257370980661 ], [ 0.000693779810599, 0.00025737110753 ], [ 0.000693779858789, 0.00025737110753 ], [ 0.000693779858789, 0.00025737114982 ], [ 0.000693779955167, 0.00025737114982 ], [ 0.000693779955167, 0.000257371192109 ], [ 0.000693780003357, 0.000257371192109 ], [ 0.000693780003357, 0.000257371276689 ], [ 0.000693780099736, 0.000257371276689 ], [ 0.000693780099736, 0.000257371318979 ] ] ] } },
{ "type": "Feature", "properties": { "value": 71.0, "area_m2": 9.6974994847374948e-09 }, "geometry": { "type": "Polygon", "coordinates": [ [ [ 0.000693784147644, 0.000257371488137 ], [ 0.000693784774106, 0.000257371488137 ], [ 0.000693784774106, 0.000257371445848 ], [ 0.000693784870485, 0.000257371445848 ], [ 0.000693784870485, 0.00025737114982 ], [ 0.000693784918674, 0.00025737114982 ], [ 0.000693784918674, 0.000257370811502 ], [ 0.000693784870485, 0.000257370811502 ], [ 0.000693784870485, 0.000257370684633 ], [ 0.000693784822296, 0.000257370684633 ], [ 0.000693784822296, 0.000257370642343 ], [ 0.000693784774106, 0.000257370642343 ], [ 0.000693784774106, 0.000257370557764 ], [ 0.000693784822296, 0.000257370557764 ], [ 0.000693784822296, 0.000257370473184 ], [ 0.000693784774106, 0.000257370473184 ], [ 0.000693784774106, 0.000257370430895 ], [ 0.000693784677727, 0.000257370430895 ], [ 0.000693784677727, 0.000257370388605 ], [ 0.000693784629538, 0.000257370388605 ], [ 0.000693784629538, 0.000257370430895 ], [ 0.000693784533159, 0.000257370430895 ], [ 0.000693784533159, 0.000257370515474 ], [ 0.00069378448497, 0.000257370515474 ], [ 0.00069378448497, 0.000257370600053 ], [ 0.00069378443678, 0.000257370600053 ], [ 0.00069378443678, 0.000257370642343 ], [ 0.000693784099455, 0.000257370642343 ], [ 0.000693784099455, 0.000257370684633 ], [ 0.000693784051265, 0.000257370684633 ], [ 0.000693784051265, 0.000257370980661 ], [ 0.000693784003076, 0.000257370980661 ], [ 0.000693784003076, 0.000257371403558 ], [ 0.000693784051265, 0.000257371403558 ], [ 0.000693784051265, 0.000257371445848 ], [ 0.000693784147644, 0.000257371445848 ], [ 0.000693784147644, 0.000257371488137 ] ] ] } },
{ "type": "Feature", "properties": { "value": 98.0, "area_m2": 1.328355398181653e-08 }, "geometry": { "type": "Polygon", "coordinates": [ [ [ 0.000693787906416, 0.000257370304025 ], [ 0.000693788581068, 0.000257370304025 ], [ 0.000693788581068, 0.000257370261736 ], [ 0.000693788677447, 0.000257370261736 ], [ 0.000693788677447, 0.000257370007997 ], [ 0.000693788629257, 0.000257370007997 ], [ 0.000693788629257, 0.000257369923418 ], [ 0.000693788677447, 0.000257369923418 ], [ 0.000693788677447, 0.000257369754259 ], [ 0.000693788725636, 0.000257369754259 ], [ 0.000693788725636, 0.00025736962739 ], [ 0.000693788677447, 0.00025736962739 ], [ 0.000693788677447, 0.0002573695851 ], [ 0.000693787472712, 0.0002573695851 ], [ 0.000693787472712, 0.00025736962739 ], [ 0.000693787183576, 0.00025736962739 ], [ 0.000693787183576, 0.00025736966968 ], [ 0.000693787135386, 0.00025736966968 ], [ 0.000693787135386, 0.000257369838839 ], [ 0.000693787087197, 0.000257369838839 ], [ 0.000693787087197, 0.000257370177156 ], [ 0.000693787135386, 0.000257370177156 ], [ 0.000693787135386, 0.000257370219446 ], [ 0.000693787183576, 0.000257370219446 ], [ 0.000693787183576, 0.000257370261736 ], [ 0.000693787906416, 0.000257370261736 ], [ 0.000693787906416, 0.000257370304025 ] ] ] } },
{ "type": "Feature", "properties": { "value": 70.0, "area_m2": 9.6722455796302549e-09 }, "geometry": { "type": "Polygon", "coordinates": [ [ [ 0.000693777256562, 0.000257369754259 ], [ 0.000693777883024, 0.000257369754259 ], [ 0.000693777883024, 0.00025736971197 ], [ 0.000693777931213, 0.00025736971197 ], [ 0.000693777931213, 0.000257369246783 ], [ 0.000693777883024, 0.000257369246783 ], [ 0.000693777883024, 0.000257368993044 ], [ 0.000693777834834, 0.000257368993044 ], [ 0.000693777834834, 0.000257368908465 ], [ 0.000693777690266, 0.000257368908465 ], [ 0.000693777690266, 0.000257368866175 ], [ 0.000693777497509, 0.000257368866175 ], [ 0.000693777497509, 0.000257368823886 ], [ 0.000693777304751, 0.000257368823886 ], [ 0.000693777304751, 0.000257368866175 ], [ 0.000693777160183, 0.000257368866175 ], [ 0.000693777160183, 0.000257368908465 ], [ 0.000693777063804, 0.000257368908465 ], [ 0.000693777063804, 0.000257369035334 ], [ 0.000693777015615, 0.000257369035334 ], [ 0.000693777015615, 0.000257369162203 ], [ 0.000693776967425, 0.000257369162203 ], [ 0.000693776967425, 0.000257369500521 ], [ 0.000693777015615, 0.000257369500521 ], [ 0.000693777015615, 0.00025736966968 ], [ 0.000693777063804, 0.00025736966968 ], [ 0.000693777063804, 0.00025736971197 ], [ 0.000693777256562, 0.00025736971197 ], [ 0.000693777256562, 0.000257369754259 ] ] ] } },
{ "type": "Feature", "properties": { "value": 103.0, "area_m2": 1.4849296085963195e-08 }, "geometry": { "type": "Polygon", "coordinates": [ [ [ 0.000693800387468, 0.00025736966968 ], [ 0.000693800917551, 0.00025736966968 ], [ 0.000693800917551, 0.00025736962739 ], [ 0.00069380101393, 0.00025736962739 ], [ 0.00069380101393, 0.000257369458231 ], [ 0.000693801062119, 0.000257369458231 ], [ 0.000693801062119, 0.000257369204493 ], [ 0.000693801110308, 0.000257369204493 ], [ 0.000693801110308, 0.000257368950755 ], [ 0.000693801062119, 0.000257368950755 ], [ 0.000693801062119, 0.000257368908465 ], [ 0.00069380101393, 0.000257368908465 ], [ 0.00069380101393, 0.000257368823886 ], [ 0.00069380096574, 0.000257368823886 ], [ 0.00069380096574, 0.000257368781596 ], [ 0.000693800821172, 0.000257368781596 ], [ 0.000693800821172, 0.000257368739306 ], [ 0.000693800098331, 0.000257368739306 ], [ 0.000693800098331, 0.000257368781596 ], [ 0.000693800001953, 0.000257368781596 ], [ 0.000693800001953, 0.000257368823886 ], [ 0.000693799953763, 0.000257368823886 ], [ 0.000693799953763, 0.000257368866175 ], [ 0.000693799905574, 0.000257368866175 ], [ 0.000693799905574, 0.000257368908465 ], [ 0.000693799809195, 0.000257368908465 ], [ 0.000693799809195, 0.000257368950755 ], [ 0.000693799712816, 0.000257368950755 ], [ 0.000693799712816, 0.000257368993044 ], [ 0.000693799664627, 0.000257368993044 ], [ 0.000693799664627, 0.000257369035334 ], [ 0.000693799616437, 0.000257369035334 ], [ 0.000693799616437, 0.000257369458231 ], [ 0.000693799664627, 0.000257369458231 ], [ 0.000693799664627, 0.000257369542811 ], [ 0.000693799712816, 0.000257369542811 ], [ 0.000693799712816, 0.0002573695851 ], [ 0.000693799809195, 0.0002573695851 ], [ 0.000693799809195, 0.00025736962739 ], [ 0.000693800387468, 0.00025736962739 ], [ 0.000693800387468, 0.00025736966968 ] ] ] } },
{ "type": "Feature", "properties": { "value": 99.0, "area_m2": 1.3510839125723399e-08 }, "geometry": { "type": "Polygon", "coordinates": [ [ [ 0.000693778654054, 0.00025736962739 ], [ 0.000693778846812, 0.00025736962739 ], [ 0.000693778846812, 0.0002573695851 ], [ 0.000693778895001, 0.0002573695851 ], [ 0.000693778895001, 0.000257369542811 ], [ 0.00069377894319, 0.000257369542811 ], [ 0.00069377894319, 0.000257369500521 ], [ 0.00069377899138, 0.000257369500521 ], [ 0.00069377899138, 0.000257369458231 ], [ 0.000693779039569, 0.000257369458231 ], [ 0.000693779039569, 0.000257369331362 ], [ 0.000693779087759, 0.000257369331362 ], [ 0.000693779087759, 0.000257369246783 ], [ 0.000693779135948, 0.000257369246783 ], [ 0.000693779135948, 0.000257369162203 ], [ 0.000693779184137, 0.000257369162203 ], [ 0.000693779184137, 0.000257369119914 ], [ 0.000693779232327, 0.000257369119914 ], [ 0.000693779232327, 0.000257369077624 ], [ 0.000693779280516, 0.000257369077624 ], [ 0.000693779280516, 0.000257369035334 ], [ 0.000693779328705, 0.000257369035334 ], [ 0.000693779328705, 0.000257368781596 ], [ 0.000693779280516, 0.000257368781596 ], [ 0.000693779280516, 0.000257368697016 ], [ 0.000693779232327, 0.000257368697016 ], [ 0.000693779232327, 0.000257368654727 ], [ 0.000693779184137, 0.000257368654727 ], [ 0.000693779184137, 0.000257368612437 ], [ 0.000693779135948, 0.000257368612437 ], [ 0.000693779135948, 0.000257368570147 ], [ 0.000693779087759, 0.000257368570147 ], [ 0.000693779087759, 0.000257368527858 ], [ 0.00069377894319, 0.000257368527858 ], [ 0.00069377894319, 0.000257368485568 ], [ 0.000693778605865, 0.000257368485568 ], [ 0.000693778605865, 0.000257368527858 ], [ 0.00069377817216, 0.000257368527858 ], [ 0.00069377817216, 0.000257368570147 ], [ 0.000693778123971, 0.000257368570147 ], [ 0.000693778123971, 0.000257368654727 ], [ 0.000693778075781, 0.000257368654727 ], [ 0.000693778075781, 0.000257368866175 ], [ 0.000693778123971, 0.000257368866175 ], [ 0.000693778123971, 0.000257369204493 ], [ 0.00069377817216, 0.000257369204493 ], [ 0.00069377817216, 0.000257369415942 ], [ 0.00069377822035, 0.000257369415942 ], [ 0.00069377822035, 0.000257369458231 ], [ 0.000693778268539, 0.000257369458231 ], [ 0.000693778268539, 0.000257369500521 ], [ 0.000693778364918, 0.000257369500521 ], [ 0.000693778364918, 0.000257369542811 ], [ 0.000693778509486, 0.000257369542811 ], [ 0.000693778509486, 0.0002573695851 ], [ 0.000693778654054, 0.0002573695851 ], [ 0.000693778654054, 0.00025736962739 ] ] ] } },
{ "type": "Feature", "properties": { "value": 82.0, "area_m2": 1.068240177599162e-08 }, "geometry": { "type": "Polygon", "coordinates": [ [ [ 0.000693775762691, 0.000257369373652 ], [ 0.000693775955448, 0.000257369373652 ], [ 0.000693775955448, 0.000257369331362 ], [ 0.000693776051827, 0.000257369331362 ], [ 0.000693776051827, 0.000257369289072 ], [ 0.000693776100017, 0.000257369289072 ], [ 0.000693776100017, 0.000257369246783 ], [ 0.000693776148206, 0.000257369246783 ], [ 0.000693776148206, 0.000257369204493 ], [ 0.000693776196395, 0.000257369204493 ], [ 0.000693776196395, 0.000257369162203 ], [ 0.000693776340963, 0.000257369162203 ], [ 0.000693776340963, 0.000257369119914 ], [ 0.000693776437342, 0.000257369119914 ], [ 0.000693776437342, 0.000257369077624 ], [ 0.00069377658191, 0.000257369077624 ], [ 0.00069377658191, 0.000257369035334 ], [ 0.0006937766301, 0.000257369035334 ], [ 0.0006937766301, 0.000257368866175 ], [ 0.00069377658191, 0.000257368866175 ], [ 0.00069377658191, 0.000257368697016 ], [ 0.000693776533721, 0.000257368697016 ], [ 0.000693776533721, 0.000257368612437 ], [ 0.000693776485532, 0.000257368612437 ], [ 0.000693776485532, 0.000257368527858 ], [ 0.000693776437342, 0.000257368527858 ], [ 0.000693776437342, 0.000257368443278 ], [ 0.000693775762691, 0.000257368443278 ], [ 0.000693775762691, 0.000257368400988 ], [ 0.000693775666312, 0.000257368400988 ], [ 0.000693775666312, 0.000257368358699 ], [ 0.000693775521744, 0.000257368358699 ], [ 0.000693775521744, 0.000257368485568 ], [ 0.000693775473554, 0.000257368485568 ], [ 0.000693775473554, 0.000257368527858 ], [ 0.000693775425365, 0.000257368527858 ], [ 0.000693775425365, 0.000257368823886 ], [ 0.000693775473554, 0.000257368823886 ], [ 0.000693775473554, 0.000257368908465 ], [ 0.000693775521744, 0.000257368908465 ], [ 0.000693775521744, 0.000257369035334 ], [ 0.000693775569933, 0.000257369035334 ], [ 0.000693775569933, 0.000257369119914 ], [ 0.000693775618123, 0.000257369119914 ], [ 0.000693775618123, 0.000257369246783 ], [ 0.000693775666312, 0.000257369246783 ], [ 0.000693775666312, 0.000257369331362 ], [ 0.000693775762691, 0.000257369331362 ], [ 0.000693775762691, 0.000257369373652 ] ] ] } },
{ "type": "Feature", "properties": { "value": 38.0, "area_m2": 6.3387301319464925e-09 }, "geometry": { "type": "Polygon", "coordinates": [ [ [ 0.000693789400287, 0.000257368781596 ], [ 0.000693790026749, 0.000257368781596 ], [ 0.000693790026749, 0.000257368739306 ], [ 0.000693790074939, 0.000257368739306 ], [ 0.000693790074939, 0.000257368697016 ], [ 0.000693790123128, 0.000257368697016 ], [ 0.000693790123128, 0.000257368570147 ], [ 0.000693790171318, 0.000257368570147 ], [ 0.000693790171318, 0.000257368400988 ], [ 0.000693790123128, 0.000257368400988 ], [ 0.000693790123128, 0.00025736823183 ], [ 0.000693790026749, 0.00025736823183 ], [ 0.000693790026749, 0.00025736818954 ], [ 0.000693789737613, 0.00025736818954 ], [ 0.000693789737613, 0.00025736814725 ], [ 0.000693789593045, 0.00025736814725 ], [ 0.000693789593045, 0.00025736818954 ], [ 0.000693789352098, 0.00025736818954 ], [ 0.000693789352098, 0.00025736823183 ], [ 0.000693789255719, 0.00025736823183 ], [ 0.000693789255719, 0.000257368316409 ], [ 0.00069378920753, 0.000257368316409 ], [ 0.00069378920753, 0.000257368443278 ], [ 0.000693789255719, 0.000257368443278 ], [ 0.000693789255719, 0.000257368697016 ], [ 0.000693789303909, 0.000257368697016 ], [ 0.000693789303909, 0.000257368739306 ], [ 0.000693789400287, 0.000257368739306 ], [ 0.000693789400287, 0.000257368781596 ] ] ] } },
{ "type": "Feature", "properties": { "value": 74.0, "area_m2": 9.9247846287396545e-09 }, "geometry": { "type": "Polygon", "coordinates": [ [ [ 0.000693797688862, 0.000257368739306 ], [ 0.000693798267135, 0.000257368739306 ], [ 0.000693798267135, 0.000257368358699 ], [ 0.000693798315324, 0.000257368358699 ], [ 0.000693798315324, 0.000257367978091 ], [ 0.000693798363513, 0.000257367978091 ], [ 0.000693798363513, 0.000257367935802 ], [ 0.000693798315324, 0.000257367935802 ], [ 0.000693798315324, 0.000257367808933 ], [ 0.000693798267135, 0.000257367808933 ], [ 0.000693798267135, 0.000257367766643 ], [ 0.000693797592483, 0.000257367766643 ], [ 0.000693797592483, 0.000257367808933 ], [ 0.000693797496104, 0.000257367808933 ], [ 0.000693797496104, 0.000257367935802 ], [ 0.000693797447915, 0.000257367935802 ], [ 0.000693797447915, 0.000257368654727 ], [ 0.000693797496104, 0.000257368654727 ], [ 0.000693797496104, 0.000257368697016 ], [ 0.000693797688862, 0.000257368697016 ], [ 0.000693797688862, 0.000257368739306 ] ] ] } },
{ "type": "Feature", "properties": { "value": 49.0, "area_m2": 7.3741402332626319e-09 }, "geometry": { "type": "Polygon", "coordinates": [ [ [ 0.000693780099736, 0.00025736814725 ], [ 0.00069378053344, 0.00025736814725 ], [ 0.00069378053344, 0.000257368104961 ], [ 0.000693780678008, 0.000257368104961 ], [ 0.000693780678008, 0.000257368062671 ], [ 0.000693780774387, 0.000257368062671 ], [ 0.000693780774387, 0.000257368020381 ], [ 0.000693780870766, 0.000257368020381 ], [ 0.000693780870766, 0.000257367978091 ], [ 0.000693781015334, 0.000257367978091 ], [ 0.000693781015334, 0.000257367935802 ], [ 0.000693781111713, 0.000257367935802 ], [ 0.000693781111713, 0.000257367893512 ], [ 0.000693781159902, 0.000257367893512 ], [ 0.000693781159902, 0.000257367851222 ], [ 0.000693781208092, 0.000257367851222 ], [ 0.000693781208092, 0.000257367639774 ], [ 0.000693781159902, 0.000257367639774 ], [ 0.000693781159902, 0.000257367512905 ], [ 0.000693781111713, 0.000257367512905 ], [ 0.000693781111713, 0.000257367470615 ], [ 0.000693781063523, 0.000257367470615 ], [ 0.000693781063523, 0.000257367428325 ], [ 0.000693780822576, 0.000257367428325 ], [ 0.000693780822576, 0.000257367470615 ], [ 0.000693780726198, 0.000257367470615 ], [ 0.000693780726198, 0.000257367512905 ], [ 0.000693780678008, 0.000257367512905 ], [ 0.000693780678008, 0.000257367555194 ], [ 0.000693780485251, 0.000257367555194 ], [ 0.000693780485251, 0.000257367597484 ], [ 0.000693780340683, 0.000257367597484 ], [ 0.000693780340683, 0.000257367639774 ], [ 0.000693780147925, 0.000257367639774 ], [ 0.000693780147925, 0.000257367682063 ], [ 0.000693780051546, 0.000257367682063 ], [ 0.000693780051546, 0.000257367766643 ], [ 0.000693780003357, 0.000257367766643 ], [ 0.000693780003357, 0.000257367851222 ], [ 0.000693780051546, 0.000257367851222 ], [ 0.000693780051546, 0.000257368062671 ], [ 0.000693780099736, 0.000257368062671 ], [ 0.000693780099736, 0.00025736814725 ] ] ] } },
{ "type": "Feature", "properties": { "value": 57.0, "area_m2": 8.6368354785618727e-09 }, "geometry": { "type": "Polygon", "coordinates": [ [ [ 0.000693776244585, 0.000257368358699 ], [ 0.000693776533721, 0.000257368358699 ], [ 0.000693776533721, 0.000257368316409 ], [ 0.0006937766301, 0.000257368316409 ], [ 0.0006937766301, 0.000257368274119 ], [ 0.000693776678289, 0.000257368274119 ], [ 0.000693776678289, 0.00025736823183 ], [ 0.000693776774668, 0.00025736823183 ], [ 0.000693776774668, 0.00025736818954 ], [ 0.000693776822857, 0.00025736818954 ], [ 0.000693776822857, 0.00025736814725 ], [ 0.000693776871047, 0.00025736814725 ], [ 0.000693776871047, 0.000257367555194 ], [ 0.000693776822857, 0.000257367555194 ], [ 0.000693776822857, 0.000257367470615 ], [ 0.000693776774668, 0.000257367470615 ], [ 0.000693776774668, 0.000257367428325 ], [ 0.000693776726479, 0.000257367428325 ], [ 0.000693776726479, 0.000257367386035 ], [ 0.00069377658191, 0.000257367386035 ], [ 0.00069377658191, 0.000257367343746 ], [ 0.000693776389153, 0.000257367343746 ], [ 0.000693776389153, 0.000257367386035 ], [ 0.000693776244585, 0.000257367386035 ], [ 0.000693776244585, 0.000257367428325 ], [ 0.000693776100017, 0.000257367428325 ], [ 0.000693776100017, 0.000257367470615 ], [ 0.000693776051827, 0.000257367470615 ], [ 0.000693776051827, 0.000257367512905 ], [ 0.000693776003638, 0.000257367512905 ], [ 0.000693776003638, 0.000257367682063 ], [ 0.000693776051827, 0.000257367682063 ], [ 0.000693776051827, 0.000257367893512 ], [ 0.000693776100017, 0.000257367893512 ], [ 0.000693776100017, 0.000257368062671 ], [ 0.000693776148206, 0.000257368062671 ], [ 0.000693776148206, 0.00025736814725 ], [ 0.000693776196395, 0.00025736814725 ], [ 0.000693776196395, 0.00025736823183 ], [ 0.000693776244585, 0.00025736823183 ], [ 0.000693776244585, 0.000257368358699 ] ] ] } },
{ "type": "Feature", "properties": { "value": 133.0, "area_m2": 3.6340369162625014e-08 }, "geometry": { "type": "Polygon", "coordinates": [ [ [ 0.000693802796937, 0.000257369035334 ], [ 0.000693802941505, 0.000257369035334 ], [ 0.000693802941505, 0.000257368993044 ], [ 0.000693803134263, 0.000257368993044 ], [ 0.000693803134263, 0.000257368950755 ], [ 0.000693803278831, 0.000257368950755 ], [ 0.000693803278831, 0.000257368993044 ], [ 0.000693803519778, 0.000257368993044 ], [ 0.000693803519778, 0.000257368950755 ], [ 0.000693803808914, 0.000257368950755 ], [ 0.000693803808914, 0.000257367259166 ], [ 0.000693803134263, 0.000257367259166 ], [ 0.000693803134263, 0.000257367216877 ], [ 0.000693802459611, 0.000257367216877 ], [ 0.000693802459611, 0.000257367174587 ], [ 0.000693802363232, 0.000257367174587 ], [ 0.000693802363232, 0.000257367216877 ], [ 0.000693802170475, 0.000257367216877 ], [ 0.000693802170475, 0.000257367259166 ], [ 0.000693802122286, 0.000257367259166 ], [ 0.000693802122286, 0.000257367343746 ], [ 0.000693802074096, 0.000257367343746 ], [ 0.000693802074096, 0.000257367470615 ], [ 0.000693802025907, 0.000257367470615 ], [ 0.000693802025907, 0.000257367639774 ], [ 0.000693802074096, 0.000257367639774 ], [ 0.000693802074096, 0.000257367682063 ], [ 0.000693802122286, 0.000257367682063 ], [ 0.000693802122286, 0.000257367808933 ], [ 0.000693802170475, 0.000257367808933 ], [ 0.000693802170475, 0.000257368062671 ], [ 0.000693802122286, 0.000257368062671 ], [ 0.000693802122286, 0.000257368104961 ], [ 0.000693802025907, 0.000257368104961 ], [ 0.000693802025907, 0.00025736818954 ], [ 0.000693801977717, 0.00025736818954 ], [ 0.000693801977717, 0.000257368570147 ], [ 0.000693802025907, 0.000257368570147 ], [ 0.000693802025907, 0.000257368612437 ], [ 0.000693802074096, 0.000257368612437 ], [ 0.000693802074096, 0.000257368654727 ], [ 0.000693802122286, 0.000257368654727 ], [ 0.000693802122286, 0.000257368697016 ], [ 0.000693802170475, 0.000257368697016 ], [ 0.000693802170475, 0.000257368739306 ], [ 0.000693802266854, 0.000257368739306 ], [ 0.000693802266854, 0.000257368781596 ], [ 0.000693802363232, 0.000257368781596 ], [ 0.000693802363232, 0.000257368823886 ], [ 0.000693802507801, 0.000257368823886 ], [ 0.000693802507801, 0.000257368866175 ], [ 0.000693802604179, 0.000257368866175 ], [ 0.000693802604179, 0.000257368908465 ], [ 0.000693802700558, 0.000257368908465 ], [ 0.000693802700558, 0.000257368950755 ], [ 0.000693802748748, 0.000257368950755 ], [ 0.000693802748748, 0.000257368993044 ], [ 0.000693802796937, 0.000257368993044 ], [ 0.000693802796937, 0.000257369035334 ] ] ] } },
{ "type": "Feature", "properties": { "value": 67.0, "area_m2": 9.2681831012305514e-09 }, "geometry": { "type": "Polygon", "coordinates": [ [ [ 0.000693768630662, 0.000257367893512 ], [ 0.000693768919798, 0.000257367893512 ], [ 0.000693768919798, 0.000257367851222 ], [ 0.000693769064366, 0.000257367851222 ], [ 0.000693769064366, 0.000257367808933 ], [ 0.000693769208934, 0.000257367808933 ], [ 0.000693769208934, 0.000257367766643 ], [ 0.000693769305313, 0.000257367766643 ], [ 0.000693769305313, 0.000257367724353 ], [ 0.000693769401692, 0.000257367724353 ], [ 0.000693769401692, 0.000257367682063 ], [ 0.00069376949807, 0.000257367682063 ], [ 0.00069376949807, 0.000257367597484 ], [ 0.00069376954626, 0.000257367597484 ], [ 0.00069376954626, 0.000257367428325 ], [ 0.00069376949807, 0.000257367428325 ], [ 0.00069376949807, 0.000257367386035 ], [ 0.000693769449881, 0.000257367386035 ], [ 0.000693769449881, 0.000257367343746 ], [ 0.000693769353502, 0.000257367343746 ], [ 0.000693769353502, 0.000257367301456 ], [ 0.000693769160745, 0.000257367301456 ], [ 0.000693769160745, 0.000257367259166 ], [ 0.000693769064366, 0.000257367259166 ], [ 0.000693769064366, 0.000257367216877 ], [ 0.000693769016177, 0.000257367216877 ], [ 0.000693769016177, 0.000257367174587 ], [ 0.000693768967987, 0.000257367174587 ], [ 0.000693768967987, 0.000257367090007 ], [ 0.000693768919798, 0.000257367090007 ], [ 0.000693768919798, 0.000257367047718 ], [ 0.000693768871608, 0.000257367047718 ], [ 0.000693768871608, 0.000257367005428 ], [ 0.000693768823419, 0.000257367005428 ], [ 0.000693768823419, 0.000257366963138 ], [ 0.00069376877523, 0.000257366963138 ], [ 0.00069376877523, 0.000257366920849 ], [ 0.000693768678851, 0.000257366920849 ], [ 0.000693768678851, 0.000257366878559 ], [ 0.000693768582472, 0.000257366878559 ], [ 0.000693768582472, 0.000257366920849 ], [ 0.000693768437904, 0.000257366920849 ], [ 0.000693768437904, 0.000257367005428 ], [ 0.000693768389715, 0.000257367005428 ], [ 0.000693768389715, 0.000257367470615 ], [ 0.000693768437904, 0.000257367470615 ], [ 0.000693768437904, 0.000257367555194 ], [ 0.000693768486093, 0.000257367555194 ], [ 0.000693768486093, 0.000257367682063 ], [ 0.000693768534283, 0.000257367682063 ], [ 0.000693768534283, 0.000257367766643 ], [ 0.000693768582472, 0.000257367766643 ], [ 0.000693768582472, 0.000257367851222 ], [ 0.000693768630662, 0.000257367851222 ], [ 0.000693768630662, 0.000257367893512 ] ] ] } },
{ "type": "Feature", "properties": { "value": 17.0, "area_m2": 4.1921482147738822e-09 }, "geometry": { "type": "Polygon", "coordinates": [ [ [ 0.000693783906697, 0.000257367428325 ], [ 0.000693783954887, 0.000257367428325 ], [ 0.000693783954887, 0.000257367386035 ], [ 0.000693784099455, 0.000257367386035 ], [ 0.000693784099455, 0.000257367343746 ], [ 0.000693784292212, 0.000257367343746 ], [ 0.000693784292212, 0.000257367301456 ], [ 0.00069378443678, 0.000257367301456 ], [ 0.00069378443678, 0.000257367132297 ], [ 0.000693784388591, 0.000257367132297 ], [ 0.000693784388591, 0.000257367090007 ], [ 0.000693784340402, 0.000257367090007 ], [ 0.000693784340402, 0.000257367005428 ], [ 0.000693784292212, 0.000257367005428 ], [ 0.000693784292212, 0.000257366920849 ], [ 0.000693784244023, 0.000257366920849 ], [ 0.000693784244023, 0.000257366878559 ], [ 0.000693783762129, 0.000257366878559 ], [ 0.000693783762129, 0.000257366920849 ], [ 0.00069378366575, 0.000257366920849 ], [ 0.00069378366575, 0.000257366963138 ], [ 0.000693783617561, 0.000257366963138 ], [ 0.000693783617561, 0.000257367132297 ], [ 0.00069378366575, 0.000257367132297 ], [ 0.00069378366575, 0.000257367259166 ], [ 0.00069378371394, 0.000257367259166 ], [ 0.00069378371394, 0.000257367343746 ], [ 0.000693783762129, 0.000257367343746 ], [ 0.000693783762129, 0.000257367386035 ], [ 0.000693783906697, 0.000257367386035 ], [ 0.000693783906697, 0.000257367428325 ] ] ] } },
{ "type": "Feature", "properties": { "value": 48.0, "area_m2": 7.2983785186079508e-09 }, "geometry": { "type": "Polygon", "coordinates": [ [ [ 0.00069380337521, 0.000257367259166 ], [ 0.000693803808914, 0.000257367259166 ], [ 0.000693803808914, 0.000257366878559 ], [ 0.000693802941505, 0.000257366878559 ], [ 0.000693802941505, 0.000257366836269 ], [ 0.000693802748748, 0.000257366836269 ], [ 0.000693802748748, 0.000257366878559 ], [ 0.000693802266854, 0.000257366878559 ], [ 0.000693802266854, 0.000257366920849 ], [ 0.000693802218664, 0.000257366920849 ], [ 0.000693802218664, 0.000257366878559 ], [ 0.000693802122286, 0.000257366878559 ], [ 0.000693802122286, 0.000257366920849 ], [ 0.000693802074096, 0.000257366920849 ], [ 0.000693802074096, 0.000257367005428 ], [ 0.000693802025907, 0.000257367005428 ], [ 0.000693802025907, 0.000257367132297 ], [ 0.000693802122286, 0.000257367132297 ], [ 0.000693802122286, 0.000257367174587 ], [ 0.000693802652369, 0.000257367174587 ], [ 0.000693802652369, 0.000257367216877 ], [ 0.00069380337521, 0.000257367216877 ], [ 0.00069380337521, 0.000257367259166 ] ] ] } },
{ "type": "Feature", "properties": { "value": 91.0, "area_m2": 1.189458921174342e-08 }, "geometry": { "type": "Polygon", "coordinates": [ [ [ 0.000693771473835, 0.000257367301456 ], [ 0.000693772196676, 0.000257367301456 ], [ 0.000693772196676, 0.000257367259166 ], [ 0.000693772341244, 0.000257367259166 ], [ 0.000693772341244, 0.000257367216877 ], [ 0.000693772485812, 0.000257367216877 ], [ 0.000693772485812, 0.000257367259166 ], [ 0.000693772823138, 0.000257367259166 ], [ 0.000693772823138, 0.000257367216877 ], [ 0.000693772871328, 0.000257367216877 ], [ 0.000693772871328, 0.000257367090007 ], [ 0.000693772823138, 0.000257367090007 ], [ 0.000693772823138, 0.000257367005428 ], [ 0.000693772774949, 0.000257367005428 ], [ 0.000693772774949, 0.000257366963138 ], [ 0.000693772726759, 0.000257366963138 ], [ 0.000693772726759, 0.000257366793979 ], [ 0.00069377267857, 0.000257366793979 ], [ 0.00069377267857, 0.0002573667094 ], [ 0.000693772630381, 0.0002573667094 ], [ 0.000693772630381, 0.00025736666711 ], [ 0.000693772582191, 0.00025736666711 ], [ 0.000693772582191, 0.000257366624821 ], [ 0.000693772534002, 0.000257366624821 ], [ 0.000693772534002, 0.000257366540241 ], [ 0.000693772485812, 0.000257366540241 ], [ 0.000693772485812, 0.000257366497951 ], [ 0.000693772437623, 0.000257366497951 ], [ 0.000693772437623, 0.000257366455662 ], [ 0.000693772293055, 0.000257366455662 ], [ 0.000693772293055, 0.000257366413372 ], [ 0.000693772148487, 0.000257366413372 ], [ 0.000693772148487, 0.000257366455662 ], [ 0.000693771955729, 0.000257366455662 ], [ 0.000693771955729, 0.000257366497951 ], [ 0.000693771811161, 0.000257366497951 ], [ 0.000693771811161, 0.000257366540241 ], [ 0.000693771762972, 0.000257366540241 ], [ 0.000693771762972, 0.0002573667094 ], [ 0.000693771714782, 0.0002573667094 ], [ 0.000693771714782, 0.00025736675169 ], [ 0.000693771666593, 0.00025736675169 ], [ 0.000693771666593, 0.000257366793979 ], [ 0.000693771618404, 0.000257366793979 ], [ 0.000693771618404, 0.000257366836269 ], [ 0.000693771522025, 0.000257366836269 ], [ 0.000693771522025, 0.000257366878559 ], [ 0.000693771329267, 0.000257366878559 ], [ 0.000693771329267, 0.000257366920849 ], [ 0.000693771281078, 0.000257366920849 ], [ 0.000693771281078, 0.000257366963138 ], [ 0.000693771329267, 0.000257366963138 ], [ 0.000693771329267, 0.000257367174587 ], [ 0.000693771377457, 0.000257367174587 ], [ 0.000693771377457, 0.000257367259166 ], [ 0.000693771473835, 0.000257367259166 ], [ 0.000693771473835, 0.000257367301456 ] ] ] } },
{ "type": "Feature", "properties": { "value": 129.0, "area_m2": 2.6971170441842182e-08 }, "geometry": { "type": "Polygon", "coordinates": [ [ [ 0.000693787424522, 0.000257367978091 ], [ 0.000693787858227, 0.000257367978091 ], [ 0.000693787858227, 0.000257367935802 ], [ 0.000693788243742, 0.000257367935802 ], [ 0.000693788243742, 0.000257367893512 ], [ 0.000693788291931, 0.000257367893512 ], [ 0.000693788291931, 0.000257367851222 ], [ 0.000693788340121, 0.000257367851222 ], [ 0.000693788340121, 0.000257367512905 ], [ 0.000693788291931, 0.000257367512905 ], [ 0.000693788291931, 0.000257367174587 ], [ 0.000693788243742, 0.000257367174587 ], [ 0.000693788243742, 0.000257367090007 ], [ 0.000693788195553, 0.000257367090007 ], [ 0.000693788195553, 0.000257367005428 ], [ 0.000693788147363, 0.000257367005428 ], [ 0.000693788147363, 0.000257366920849 ], [ 0.000693788099174, 0.000257366920849 ], [ 0.000693788099174, 0.000257366836269 ], [ 0.000693788050985, 0.000257366836269 ], [ 0.000693788050985, 0.00025736675169 ], [ 0.000693788002795, 0.00025736675169 ], [ 0.000693788002795, 0.00025736666711 ], [ 0.000693787954606, 0.00025736666711 ], [ 0.000693787954606, 0.000257366540241 ], [ 0.000693787906416, 0.000257366540241 ], [ 0.000693787906416, 0.000257366497951 ], [ 0.000693787858227, 0.000257366497951 ], [ 0.000693787858227, 0.000257366413372 ], [ 0.000693787713659, 0.000257366413372 ], [ 0.000693787713659, 0.000257366371082 ], [ 0.00069378761728, 0.000257366371082 ], [ 0.00069378761728, 0.000257366413372 ], [ 0.000693787424522, 0.000257366413372 ], [ 0.000693787424522, 0.000257366455662 ], [ 0.000693787328144, 0.000257366455662 ], [ 0.000693787328144, 0.000257366497951 ], [ 0.000693787183576, 0.000257366497951 ], [ 0.000693787183576, 0.000257366540241 ], [ 0.000693787087197, 0.000257366540241 ], [ 0.000693787087197, 0.000257366582531 ], [ 0.000693786990818, 0.000257366582531 ], [ 0.000693786990818, 0.000257366624821 ], [ 0.00069378684625, 0.000257366624821 ], [ 0.00069378684625, 0.00025736666711 ], [ 0.000693786749871, 0.00025736666711 ], [ 0.000693786749871, 0.0002573667094 ], [ 0.000693786653492, 0.0002573667094 ], [ 0.000693786653492, 0.00025736675169 ], [ 0.000693786557114, 0.00025736675169 ], [ 0.000693786557114, 0.000257366836269 ], [ 0.000693786508924, 0.000257366836269 ], [ 0.000693786508924, 0.000257367090007 ], [ 0.000693786557114, 0.000257367090007 ], [ 0.000693786557114, 0.000257367174587 ], [ 0.000693786605303, 0.000257367174587 ], [ 0.000693786605303, 0.000257367301456 ], [ 0.000693786653492, 0.000257367301456 ], [ 0.000693786653492, 0.000257367386035 ], [ 0.000693786701682, 0.000257367386035 ], [ 0.000693786701682, 0.000257367428325 ], [ 0.000693786749871, 0.000257367428325 ], [ 0.000693786749871, 0.000257367639774 ], [ 0.00069378679806, 0.000257367639774 ], [ 0.00069378679806, 0.000257367851222 ], [ 0.000693786894439, 0.000257367851222 ], [ 0.000693786894439, 0.000257367893512 ], [ 0.000693787087197, 0.000257367893512 ], [ 0.000693787087197, 0.000257367851222 ], [ 0.000693787328144, 0.000257367851222 ], [ 0.000693787328144, 0.000257367893512 ], [ 0.000693787376333, 0.000257367893512 ], [ 0.000693787376333, 0.000257367935802 ], [ 0.000693787424522, 0.000257367935802 ], [ 0.000693787424522, 0.000257367978091 ] ] ] } },
{ "type": "Feature", "properties": { "value": 141.0, "area_m2": 1.0235407659222164e-07 }, "geometry": { "type": "Polygon", "coordinates": [ [ [ 0.000693801495824, 0.000257368993044 ], [ 0.000693801592202, 0.000257368993044 ], [ 0.000693801592202, 0.000257368950755 ], [ 0.000693801688581, 0.000257368950755 ], [ 0.000693801688581, 0.000257368866175 ], [ 0.00069380173677, 0.000257368866175 ], [ 0.00069380173677, 0.000257368781596 ], [ 0.00069380178496, 0.000257368781596 ], [ 0.00069380178496, 0.000257368020381 ], [ 0.000693801833149, 0.000257368020381 ], [ 0.000693801833149, 0.000257367724353 ], [ 0.000693801881339, 0.000257367724353 ], [ 0.000693801881339, 0.00025736666711 ], [ 0.000693801833149, 0.00025736666711 ], [ 0.000693801833149, 0.000257366624821 ], [ 0.00069380178496, 0.000257366624821 ], [ 0.00069380178496, 0.000257366582531 ], [ 0.00069380173677, 0.000257366582531 ], [ 0.00069380173677, 0.000257366540241 ], [ 0.000693801544013, 0.000257366540241 ], [ 0.000693801544013, 0.000257366497951 ], [ 0.000693800869361, 0.000257366497951 ], [ 0.000693800869361, 0.000257366455662 ], [ 0.000693800050142, 0.000257366455662 ], [ 0.000693800050142, 0.000257366413372 ], [ 0.000693799471869, 0.000257366413372 ], [ 0.000693799471869, 0.000257366371082 ], [ 0.000693798893597, 0.000257366371082 ], [ 0.000693798893597, 0.000257366328793 ], [ 0.000693798700839, 0.000257366328793 ], [ 0.000693798700839, 0.000257366371082 ], [ 0.000693798556271, 0.000257366371082 ], [ 0.000693798556271, 0.000257366413372 ], [ 0.000693798508082, 0.000257366413372 ], [ 0.000693798508082, 0.000257366582531 ], [ 0.000693798459892, 0.000257366582531 ], [ 0.000693798459892, 0.00025736666711 ], [ 0.000693798411703, 0.00025736666711 ], [ 0.000693798411703, 0.00025736675169 ], [ 0.000693798363513, 0.00025736675169 ], [ 0.000693798363513, 0.000257366878559 ], [ 0.000693798315324, 0.000257366878559 ], [ 0.000693798315324, 0.000257367893512 ], [ 0.000693798363513, 0.000257367893512 ], [ 0.000693798363513, 0.00025736818954 ], [ 0.000693798315324, 0.00025736818954 ], [ 0.000693798315324, 0.000257368697016 ], [ 0.000693798363513, 0.000257368697016 ], [ 0.000693798363513, 0.000257368739306 ], [ 0.000693798459892, 0.000257368739306 ], [ 0.000693798459892, 0.000257368781596 ], [ 0.000693799134544, 0.000257368781596 ], [ 0.000693799134544, 0.000257368823886 ], [ 0.00069379942368, 0.000257368823886 ], [ 0.00069379942368, 0.000257368866175 ], [ 0.000693799761006, 0.000257368866175 ], [ 0.000693799761006, 0.000257368823886 ], [ 0.000693799857384, 0.000257368823886 ], [ 0.000693799857384, 0.000257368781596 ], [ 0.000693800001953, 0.000257368781596 ], [ 0.000693800001953, 0.000257368739306 ], [ 0.000693800098331, 0.000257368739306 ], [ 0.000693800098331, 0.000257368697016 ], [ 0.000693800772983, 0.000257368697016 ], [ 0.000693800772983, 0.000257368739306 ], [ 0.00069380096574, 0.000257368739306 ], [ 0.00069380096574, 0.000257368781596 ], [ 0.00069380101393, 0.000257368781596 ], [ 0.00069380101393, 0.000257368823886 ], [ 0.000693801062119, 0.000257368823886 ], [ 0.000693801062119, 0.000257368866175 ], [ 0.000693801110308, 0.000257368866175 ], [ 0.000693801110308, 0.000257368908465 ], [ 0.000693801206687, 0.000257368908465 ], [ 0.000693801206687, 0.000257368950755 ], [ 0.000693801495824, 0.000257368950755 ], [ 0.000693801495824, 0.000257368993044 ] ] ] } },
{ "type": "Feature", "properties": { "value": 102.0, "area_m2": 1.4647264846648993e-08 }, "geometry": { "type": "Polygon", "coordinates": [ [ [ 0.000693780051546, 0.000257367259166 ], [ 0.000693780340683, 0.000257367259166 ], [ 0.000693780340683, 0.000257367216877 ], [ 0.00069378058163, 0.000257367216877 ], [ 0.00069378058163, 0.000257367174587 ], [ 0.000693780726198, 0.000257367174587 ], [ 0.000693780726198, 0.000257367132297 ], [ 0.000693780870766, 0.000257367132297 ], [ 0.000693780870766, 0.000257367090007 ], [ 0.000693781015334, 0.000257367090007 ], [ 0.000693781015334, 0.000257367047718 ], [ 0.000693781111713, 0.000257367047718 ], [ 0.000693781111713, 0.000257367005428 ], [ 0.000693781159902, 0.000257367005428 ], [ 0.000693781159902, 0.000257366963138 ], [ 0.000693781208092, 0.000257366963138 ], [ 0.000693781208092, 0.000257366878559 ], [ 0.000693781159902, 0.000257366878559 ], [ 0.000693781159902, 0.0002573667094 ], [ 0.000693781111713, 0.0002573667094 ], [ 0.000693781111713, 0.000257366540241 ], [ 0.000693781063523, 0.000257366540241 ], [ 0.000693781063523, 0.000257366413372 ], [ 0.000693781015334, 0.000257366413372 ], [ 0.000693781015334, 0.000257366286503 ], [ 0.000693780967145, 0.000257366286503 ], [ 0.000693780967145, 0.000257366244213 ], [ 0.000693780726198, 0.000257366244213 ], [ 0.000693780726198, 0.000257366286503 ], [ 0.00069378058163, 0.000257366286503 ], [ 0.00069378058163, 0.000257366328793 ], [ 0.000693780388872, 0.000257366328793 ], [ 0.000693780388872, 0.000257366371082 ], [ 0.000693780244304, 0.000257366371082 ], [ 0.000693780244304, 0.000257366413372 ], [ 0.000693780099736, 0.000257366413372 ], [ 0.000693780099736, 0.000257366371082 ], [ 0.000693779858789, 0.000257366371082 ], [ 0.000693779858789, 0.000257366413372 ], [ 0.00069377976241, 0.000257366413372 ], [ 0.00069377976241, 0.000257366455662 ], [ 0.000693779666031, 0.000257366455662 ], [ 0.000693779666031, 0.000257366497951 ], [ 0.000693779617842, 0.000257366497951 ], [ 0.000693779617842, 0.00025736666711 ], [ 0.000693779666031, 0.00025736666711 ], [ 0.000693779666031, 0.000257366878559 ], [ 0.000693779714221, 0.000257366878559 ], [ 0.000693779714221, 0.000257367005428 ], [ 0.00069377976241, 0.000257367005428 ], [ 0.00069377976241, 0.000257367047718 ], [ 0.000693779810599, 0.000257367047718 ], [ 0.000693779810599, 0.000257367090007 ], [ 0.000693779906978, 0.000257367090007 ], [ 0.000693779906978, 0.000257367132297 ], [ 0.000693779955167, 0.000257367132297 ], [ 0.000693779955167, 0.000257367174587 ], [ 0.000693780003357, 0.000257367174587 ], [ 0.000693780003357, 0.000257367216877 ], [ 0.000693780051546, 0.000257367216877 ], [ 0.000693780051546, 0.000257367259166 ] ] ] } },
{ "type": "Feature", "properties": { "value": 87.0, "area_m2": 1.1136972064548629e-08 }, "geometry": { "type": "Polygon", "coordinates": [ [ [ 0.000693797977998, 0.000257366793979 ], [ 0.000693798315324, 0.000257366793979 ], [ 0.000693798315324, 0.00025736675169 ], [ 0.000693798363513, 0.00025736675169 ], [ 0.000693798363513, 0.0002573667094 ], [ 0.000693798411703, 0.0002573667094 ], [ 0.000693798411703, 0.000257366582531 ], [ 0.000693798459892, 0.000257366582531 ], [ 0.000693798459892, 0.000257366455662 ], [ 0.000693798411703, 0.000257366455662 ], [ 0.000693798411703, 0.000257366286503 ], [ 0.000693798363513, 0.000257366286503 ], [ 0.000693798363513, 0.000257366244213 ], [ 0.000693798267135, 0.000257366244213 ], [ 0.000693798267135, 0.000257366201924 ], [ 0.000693798074377, 0.000257366201924 ], [ 0.000693798074377, 0.000257366159634 ], [ 0.00069379783343, 0.000257366159634 ], [ 0.00069379783343, 0.000257366117344 ], [ 0.000693797206968, 0.000257366117344 ], [ 0.000693797206968, 0.000257366159634 ], [ 0.000693797014211, 0.000257366159634 ], [ 0.000693797014211, 0.000257366201924 ], [ 0.000693796917832, 0.000257366201924 ], [ 0.000693796917832, 0.000257366286503 ], [ 0.000693796869642, 0.000257366286503 ], [ 0.000693796869642, 0.000257366582531 ], [ 0.000693796917832, 0.000257366582531 ], [ 0.000693796917832, 0.00025736666711 ], [ 0.000693797014211, 0.00025736666711 ], [ 0.000693797014211, 0.0002573667094 ], [ 0.000693797255157, 0.0002573667094 ], [ 0.000693797255157, 0.00025736675169 ], [ 0.000693797977998, 0.00025736675169 ], [ 0.000693797977998, 0.000257366793979 ] ] ] } },
{ "type": "Feature", "properties": { "value": 79.0, "area_m2": 1.0227831487758602e-08 }, "geometry": { "type": "Polygon", "coordinates": [ [ [ 0.000693802411422, 0.000257366878559 ], [ 0.000693802748748, 0.000257366878559 ], [ 0.000693802748748, 0.000257366836269 ], [ 0.000693802893316, 0.000257366836269 ], [ 0.000693802893316, 0.000257366075054 ], [ 0.000693802845126, 0.000257366075054 ], [ 0.000693802845126, 0.000257366032765 ], [ 0.000693802796937, 0.000257366032765 ], [ 0.000693802796937, 0.000257365990475 ], [ 0.00069380255599, 0.000257365990475 ], [ 0.00069380255599, 0.000257365948185 ], [ 0.000693802459611, 0.000257365948185 ], [ 0.000693802459611, 0.000257365905896 ], [ 0.000693802315043, 0.000257365905896 ], [ 0.000693802315043, 0.000257365863606 ], [ 0.000693802074096, 0.000257365863606 ], [ 0.000693802074096, 0.000257365905896 ], [ 0.000693802025907, 0.000257365905896 ], [ 0.000693802025907, 0.000257366117344 ], [ 0.000693801977717, 0.000257366117344 ], [ 0.000693801977717, 0.000257366793979 ], [ 0.000693802025907, 0.000257366793979 ], [ 0.000693802025907, 0.000257366836269 ], [ 0.000693802411422, 0.000257366836269 ], [ 0.000693802411422, 0.000257366878559 ] ] ] } },
{ "type": "Feature", "properties": { "value": 69.0, "area_m2": 9.5207221503780675e-09 }, "geometry": { "type": "Polygon", "coordinates": [ [ [ 0.000693778413107, 0.000257366328793 ], [ 0.000693778654054, 0.000257366328793 ], [ 0.000693778654054, 0.000257366286503 ], [ 0.000693779039569, 0.000257366286503 ], [ 0.000693779039569, 0.000257366244213 ], [ 0.000693779087759, 0.000257366244213 ], [ 0.000693779087759, 0.000257366201924 ], [ 0.000693779135948, 0.000257366201924 ], [ 0.000693779135948, 0.000257366117344 ], [ 0.000693779087759, 0.000257366117344 ], [ 0.000693779087759, 0.000257365863606 ], [ 0.000693779039569, 0.000257365863606 ], [ 0.000693779039569, 0.000257365736737 ], [ 0.00069377899138, 0.000257365736737 ], [ 0.00069377899138, 0.000257365609868 ], [ 0.00069377894319, 0.000257365609868 ], [ 0.00069377894319, 0.000257365482998 ], [ 0.000693778895001, 0.000257365482998 ], [ 0.000693778895001, 0.000257365440709 ], [ 0.000693778798622, 0.000257365440709 ], [ 0.000693778798622, 0.000257365398419 ], [ 0.000693778750433, 0.000257365398419 ], [ 0.000693778750433, 0.000257365356129 ], [ 0.000693778654054, 0.000257365356129 ], [ 0.000693778654054, 0.00025736531384 ], [ 0.000693778605865, 0.00025736531384 ], [ 0.000693778605865, 0.00025736527155 ], [ 0.000693778509486, 0.00025736527155 ], [ 0.000693778509486, 0.00025736531384 ], [ 0.000693778316728, 0.00025736531384 ], [ 0.000693778316728, 0.000257365356129 ], [ 0.00069377822035, 0.000257365356129 ], [ 0.00069377822035, 0.000257365398419 ], [ 0.00069377817216, 0.000257365398419 ], [ 0.00069377817216, 0.000257365821316 ], [ 0.00069377822035, 0.000257365821316 ], [ 0.00069377822035, 0.000257366032765 ], [ 0.000693778268539, 0.000257366032765 ], [ 0.000693778268539, 0.000257366201924 ], [ 0.000693778316728, 0.000257366201924 ], [ 0.000693778316728, 0.000257366244213 ], [ 0.000693778364918, 0.000257366244213 ], [ 0.000693778364918, 0.000257366286503 ], [ 0.000693778413107, 0.000257366286503 ], [ 0.000693778413107, 0.000257366328793 ] ] ] } },
{ "type": "Feature", "properties": { "value": 115.0, "area_m2": 1.8839413061403817e-08 }, "geometry": { "type": "Polygon", "coordinates": [ [ [ 0.000693772967706, 0.000257366371082 ], [ 0.000693773353221, 0.000257366371082 ], [ 0.000693773353221, 0.000257366328793 ], [ 0.000693773545979, 0.000257366328793 ], [ 0.000693773545979, 0.000257366286503 ], [ 0.000693773738737, 0.000257366286503 ], [ 0.000693773738737, 0.000257366244213 ], [ 0.000693773883305, 0.000257366244213 ], [ 0.000693773883305, 0.000257366201924 ], [ 0.000693773979683, 0.000257366201924 ], [ 0.000693773979683, 0.000257366117344 ], [ 0.000693774027873, 0.000257366117344 ], [ 0.000693774027873, 0.000257365990475 ], [ 0.000693773979683, 0.000257365990475 ], [ 0.000693773979683, 0.000257365821316 ], [ 0.000693773931494, 0.000257365821316 ], [ 0.000693773931494, 0.000257365694447 ], [ 0.000693773883305, 0.000257365694447 ], [ 0.000693773883305, 0.000257365525288 ], [ 0.000693773835115, 0.000257365525288 ], [ 0.000693773835115, 0.000257365356129 ], [ 0.000693773786926, 0.000257365356129 ], [ 0.000693773786926, 0.00025736527155 ], [ 0.000693773738737, 0.00025736527155 ], [ 0.000693773738737, 0.000257365144681 ], [ 0.000693773690547, 0.000257365144681 ], [ 0.000693773690547, 0.000257365017812 ], [ 0.000693773642358, 0.000257365017812 ], [ 0.000693773642358, 0.000257364975522 ], [ 0.000693773545979, 0.000257364975522 ], [ 0.000693773545979, 0.000257364933232 ], [ 0.000693773305032, 0.000257364933232 ], [ 0.000693773305032, 0.000257364975522 ], [ 0.000693773015896, 0.000257364975522 ], [ 0.000693773015896, 0.000257365017812 ], [ 0.000693772871328, 0.000257365017812 ], [ 0.000693772871328, 0.000257365060101 ], [ 0.000693772726759, 0.000257365060101 ], [ 0.000693772726759, 0.000257365102391 ], [ 0.000693772630381, 0.000257365102391 ], [ 0.000693772630381, 0.000257365144681 ], [ 0.000693772582191, 0.000257365144681 ], [ 0.000693772582191, 0.000257365398419 ], [ 0.000693772630381, 0.000257365398419 ], [ 0.000693772630381, 0.000257365567578 ], [ 0.00069377267857, 0.000257365567578 ], [ 0.00069377267857, 0.000257365694447 ], [ 0.000693772726759, 0.000257365694447 ], [ 0.000693772726759, 0.000257365779026 ], [ 0.000693772774949, 0.000257365779026 ], [ 0.000693772774949, 0.000257365821316 ], [ 0.000693772823138, 0.000257365821316 ], [ 0.000693772823138, 0.000257365948185 ], [ 0.000693772871328, 0.000257365948185 ], [ 0.000693772871328, 0.000257366201924 ], [ 0.000693772919517, 0.000257366201924 ], [ 0.000693772919517, 0.000257366328793 ], [ 0.000693772967706, 0.000257366328793 ], [ 0.000693772967706, 0.000257366371082 ] ] ] } },
{ "type": "Feature", "properties": { "value": 88.0, "area_m2": 1.1212733779165194e-08 }, "geometry": { "type": "Polygon", "coordinates": [ [ [ 0.000693787135386, 0.000257365905896 ], [ 0.000693787328144, 0.000257365905896 ], [ 0.000693787328144, 0.000257365863606 ], [ 0.000693787472712, 0.000257365863606 ], [ 0.000693787472712, 0.000257365821316 ], [ 0.000693787520901, 0.000257365821316 ], [ 0.000693787520901, 0.000257365779026 ], [ 0.000693787569091, 0.000257365779026 ], [ 0.000693787569091, 0.000257365736737 ], [ 0.00069378761728, 0.000257365736737 ], [ 0.00069378761728, 0.000257365482998 ], [ 0.000693787569091, 0.000257365482998 ], [ 0.000693787569091, 0.00025736522926 ], [ 0.000693787520901, 0.00025736522926 ], [ 0.000693787520901, 0.000257364975522 ], [ 0.000693787472712, 0.000257364975522 ], [ 0.000693787472712, 0.000257364806363 ], [ 0.000693787424522, 0.000257364806363 ], [ 0.000693787424522, 0.000257364721784 ], [ 0.000693787376333, 0.000257364721784 ], [ 0.000693787376333, 0.000257364679494 ], [ 0.000693787328144, 0.000257364679494 ], [ 0.000693787328144, 0.000257364552625 ], [ 0.000693787279954, 0.000257364552625 ], [ 0.000693787279954, 0.000257364468045 ], [ 0.000693787231765, 0.000257364468045 ], [ 0.000693787231765, 0.000257364425756 ], [ 0.000693787039007, 0.000257364425756 ], [ 0.000693787039007, 0.000257364468045 ], [ 0.000693786942629, 0.000257364468045 ], [ 0.000693786942629, 0.000257364510335 ], [ 0.00069378684625, 0.000257364510335 ], [ 0.00069378684625, 0.000257364594915 ], [ 0.00069378679806, 0.000257364594915 ], [ 0.00069378679806, 0.000257364933232 ], [ 0.00069378684625, 0.000257364933232 ], [ 0.00069378684625, 0.000257365440709 ], [ 0.000693786894439, 0.000257365440709 ], [ 0.000693786894439, 0.000257365694447 ], [ 0.000693786942629, 0.000257365694447 ], [ 0.000693786942629, 0.000257365779026 ], [ 0.000693786990818, 0.000257365779026 ], [ 0.000693786990818, 0.000257365821316 ], [ 0.000693787039007, 0.000257365821316 ], [ 0.000693787039007, 0.000257365863606 ], [ 0.000693787135386, 0.000257365863606 ], [ 0.000693787135386, 0.000257365905896 ] ] ] } },
{ "type": "Feature", "properties": { "value": 94.0, "area_m2": 1.2500682929304859e-08 }, "geometry": { "type": "Polygon", "coordinates": [ [ [ 0.000693781400849, 0.000257365356129 ], [ 0.000693781593607, 0.000257365356129 ], [ 0.000693781593607, 0.00025736531384 ], [ 0.000693781786364, 0.00025736531384 ], [ 0.000693781786364, 0.00025736527155 ], [ 0.000693782075501, 0.00025736527155 ], [ 0.000693782075501, 0.00025736522926 ], [ 0.000693782171879, 0.00025736522926 ], [ 0.000693782171879, 0.00025736518697 ], [ 0.000693782364637, 0.00025736518697 ], [ 0.000693782364637, 0.000257365144681 ], [ 0.000693782509205, 0.000257365144681 ], [ 0.000693782509205, 0.000257365102391 ], [ 0.000693782605584, 0.000257365102391 ], [ 0.000693782605584, 0.000257364806363 ], [ 0.000693782557394, 0.000257364806363 ], [ 0.000693782557394, 0.000257364637204 ], [ 0.000693782509205, 0.000257364637204 ], [ 0.000693782509205, 0.000257364552625 ], [ 0.000693782461016, 0.000257364552625 ], [ 0.000693782461016, 0.000257364510335 ], [ 0.000693782412826, 0.000257364510335 ], [ 0.000693782412826, 0.000257364468045 ], [ 0.000693782364637, 0.000257364468045 ], [ 0.000693782364637, 0.000257364425756 ], [ 0.000693782316447, 0.000257364425756 ], [ 0.000693782316447, 0.000257364383466 ], [ 0.00069378212369, 0.000257364383466 ], [ 0.00069378212369, 0.000257364425756 ], [ 0.000693781786364, 0.000257364425756 ], [ 0.000693781786364, 0.000257364468045 ], [ 0.000693781738175, 0.000257364468045 ], [ 0.000693781738175, 0.000257364510335 ], [ 0.000693781593607, 0.000257364510335 ], [ 0.000693781593607, 0.000257364552625 ], [ 0.000693781497228, 0.000257364552625 ], [ 0.000693781497228, 0.000257364594915 ], [ 0.000693781256281, 0.000257364594915 ], [ 0.000693781256281, 0.000257364890942 ], [ 0.000693781208092, 0.000257364890942 ], [ 0.000693781208092, 0.000257364933232 ], [ 0.000693781256281, 0.000257364933232 ], [ 0.000693781256281, 0.000257365144681 ], [ 0.00069378130447, 0.000257365144681 ], [ 0.00069378130447, 0.00025736527155 ], [ 0.00069378135266, 0.00025736527155 ], [ 0.00069378135266, 0.00025736531384 ], [ 0.000693781400849, 0.00025736531384 ], [ 0.000693781400849, 0.000257365356129 ] ] ] } },
{ "type": "Feature", "properties": { "value": 131.0, "area_m2": 2.8233865687293889e-08 }, "geometry": { "type": "Polygon", "coordinates": [ [ [ 0.00069377031729, 0.000257365779026 ], [ 0.000693770461858, 0.000257365779026 ], [ 0.000693770461858, 0.000257365736737 ], [ 0.000693770702805, 0.000257365736737 ], [ 0.000693770702805, 0.000257365694447 ], [ 0.000693770991941, 0.000257365694447 ], [ 0.000693770991941, 0.000257365736737 ], [ 0.00069377108832, 0.000257365736737 ], [ 0.00069377108832, 0.000257365779026 ], [ 0.000693771329267, 0.000257365779026 ], [ 0.000693771329267, 0.000257365736737 ], [ 0.000693771425646, 0.000257365736737 ], [ 0.000693771425646, 0.000257365482998 ], [ 0.000693771377457, 0.000257365482998 ], [ 0.000693771377457, 0.000257365356129 ], [ 0.000693771425646, 0.000257365356129 ], [ 0.000693771425646, 0.00025736531384 ], [ 0.000693771473835, 0.00025736531384 ], [ 0.000693771473835, 0.00025736527155 ], [ 0.000693771618404, 0.00025736527155 ], [ 0.000693771618404, 0.00025736522926 ], [ 0.000693771714782, 0.00025736522926 ], [ 0.000693771714782, 0.00025736518697 ], [ 0.000693771762972, 0.00025736518697 ], [ 0.000693771762972, 0.000257365144681 ], [ 0.00069377185935, 0.000257365144681 ], [ 0.00069377185935, 0.000257365102391 ], [ 0.00069377190754, 0.000257365102391 ], [ 0.00069377190754, 0.000257364806363 ], [ 0.00069377185935, 0.000257364806363 ], [ 0.00069377185935, 0.000257364679494 ], [ 0.000693771811161, 0.000257364679494 ], [ 0.000693771811161, 0.000257364594915 ], [ 0.000693771714782, 0.000257364594915 ], [ 0.000693771714782, 0.000257364552625 ], [ 0.000693771377457, 0.000257364552625 ], [ 0.000693771377457, 0.000257364594915 ], [ 0.00069377113651, 0.000257364594915 ], [ 0.00069377113651, 0.000257364552625 ], [ 0.00069377108832, 0.000257364552625 ], [ 0.00069377108832, 0.000257364510335 ], [ 0.000693771040131, 0.000257364510335 ], [ 0.000693771040131, 0.000257364468045 ], [ 0.000693770991941, 0.000257364468045 ], [ 0.000693770991941, 0.000257364425756 ], [ 0.000693770895563, 0.000257364425756 ], [ 0.000693770895563, 0.000257364383466 ], [ 0.000693770847373, 0.000257364383466 ], [ 0.000693770847373, 0.000257364341176 ], [ 0.000693770702805, 0.000257364341176 ], [ 0.000693770702805, 0.000257364298887 ], [ 0.000693770558237, 0.000257364298887 ], [ 0.000693770558237, 0.000257364256597 ], [ 0.000693770124533, 0.000257364256597 ], [ 0.000693770124533, 0.000257364298887 ], [ 0.000693770076343, 0.000257364298887 ], [ 0.000693770076343, 0.000257364341176 ], [ 0.000693770028154, 0.000257364341176 ], [ 0.000693770028154, 0.000257364425756 ], [ 0.000693769979964, 0.000257364425756 ], [ 0.000693769979964, 0.000257364637204 ], [ 0.000693769931775, 0.000257364637204 ], [ 0.000693769931775, 0.000257364679494 ], [ 0.000693769787207, 0.000257364679494 ], [ 0.000693769787207, 0.000257364848653 ], [ 0.000693769835396, 0.000257364848653 ], [ 0.000693769835396, 0.000257364975522 ], [ 0.000693769883586, 0.000257364975522 ], [ 0.000693769883586, 0.000257365102391 ], [ 0.000693769931775, 0.000257365102391 ], [ 0.000693769931775, 0.00025736518697 ], [ 0.000693769979964, 0.00025736518697 ], [ 0.000693769979964, 0.000257365398419 ], [ 0.000693770028154, 0.000257365398419 ], [ 0.000693770028154, 0.000257365525288 ], [ 0.000693770076343, 0.000257365525288 ], [ 0.000693770076343, 0.000257365609868 ], [ 0.000693770124533, 0.000257365609868 ], [ 0.000693770124533, 0.000257365652157 ], [ 0.000693770172722, 0.000257365652157 ], [ 0.000693770172722, 0.000257365694447 ], [ 0.000693770220911, 0.000257365694447 ], [ 0.000693770220911, 0.000257365736737 ], [ 0.00069377031729, 0.000257365736737 ], [ 0.00069377031729, 0.000257365779026 ] ] ] } },
{ "type": "Feature", "properties": { "value": 58.0, "area_m2": 8.6620893834404137e-09 }, "geometry": { "type": "Polygon", "coordinates": [ [ [ 0.000693766944033, 0.000257365440709 ], [ 0.000693767040412, 0.000257365440709 ], [ 0.000693767040412, 0.000257365398419 ], [ 0.00069376718498, 0.000257365398419 ], [ 0.00069376718498, 0.000257365356129 ], [ 0.000693767233169, 0.000257365356129 ], [ 0.000693767233169, 0.00025736531384 ], [ 0.000693767329548, 0.00025736531384 ], [ 0.000693767329548, 0.00025736527155 ], [ 0.000693767377737, 0.00025736527155 ], [ 0.000693767377737, 0.00025736522926 ], [ 0.000693767474116, 0.00025736522926 ], [ 0.000693767474116, 0.00025736518697 ], [ 0.000693767522306, 0.00025736518697 ], [ 0.000693767522306, 0.000257364848653 ], [ 0.000693767474116, 0.000257364848653 ], [ 0.000693767474116, 0.000257364806363 ], [ 0.000693767425927, 0.000257364806363 ], [ 0.000693767425927, 0.000257364679494 ], [ 0.000693767377737, 0.000257364679494 ], [ 0.000693767377737, 0.000257364594915 ], [ 0.000693767329548, 0.000257364594915 ], [ 0.000693767329548, 0.000257364552625 ], [ 0.000693767281359, 0.000257364552625 ], [ 0.000693767281359, 0.000257364468045 ], [ 0.000693767233169, 0.000257364468045 ], [ 0.000693767233169, 0.000257364341176 ], [ 0.00069376718498, 0.000257364341176 ], [ 0.00069376718498, 0.000257364298887 ], [ 0.000693767136791, 0.000257364298887 ], [ 0.000693767136791, 0.000257364214307 ], [ 0.000693767088601, 0.000257364214307 ], [ 0.000693767088601, 0.000257364172017 ], [ 0.000693767040412, 0.000257364172017 ], [ 0.000693767040412, 0.000257364129728 ], [ 0.000693766799465, 0.000257364129728 ], [ 0.000693766799465, 0.000257365356129 ], [ 0.000693766847654, 0.000257365356129 ], [ 0.000693766847654, 0.000257365398419 ], [ 0.000693766944033, 0.000257365398419 ], [ 0.000693766944033, 0.000257365440709 ] ] ] } },
{ "type": "Feature", "properties": { "value": 54.0, "area_m2": 8.2075190951692788e-09 }, "geometry": { "type": "Polygon", "coordinates": [ [ [ 0.000693783906697, 0.000257364510335 ], [ 0.000693784099455, 0.000257364510335 ], [ 0.000693784099455, 0.000257364468045 ], [ 0.000693784340402, 0.000257364468045 ], [ 0.000693784340402, 0.000257364425756 ], [ 0.000693784533159, 0.000257364425756 ], [ 0.000693784533159, 0.000257364383466 ], [ 0.000693784725917, 0.000257364383466 ], [ 0.000693784725917, 0.000257364341176 ], [ 0.000693784822296, 0.000257364341176 ], [ 0.000693784822296, 0.000257364298887 ], [ 0.000693784870485, 0.000257364298887 ], [ 0.000693784870485, 0.000257364087438 ], [ 0.000693784822296, 0.000257364087438 ], [ 0.000693784822296, 0.000257363960569 ], [ 0.000693784774106, 0.000257363960569 ], [ 0.000693784774106, 0.0002573638337 ], [ 0.000693784725917, 0.0002573638337 ], [ 0.000693784725917, 0.00025736374912 ], [ 0.000693784677727, 0.00025736374912 ], [ 0.000693784677727, 0.000257363706831 ], [ 0.000693784292212, 0.000257363706831 ], [ 0.000693784292212, 0.00025736374912 ], [ 0.000693784099455, 0.00025736374912 ], [ 0.000693784099455, 0.00025736379141 ], [ 0.000693784051265, 0.00025736379141 ], [ 0.000693784051265, 0.0002573638337 ], [ 0.000693784003076, 0.0002573638337 ], [ 0.000693784003076, 0.000257363875989 ], [ 0.000693783906697, 0.000257363875989 ], [ 0.000693783906697, 0.000257363918279 ], [ 0.000693783858508, 0.000257363918279 ], [ 0.000693783858508, 0.000257363960569 ], [ 0.000693783810318, 0.000257363960569 ], [ 0.000693783810318, 0.000257364214307 ], [ 0.000693783858508, 0.000257364214307 ], [ 0.000693783858508, 0.000257364468045 ], [ 0.000693783906697, 0.000257364468045 ], [ 0.000693783906697, 0.000257364510335 ] ] ] } },
{ "type": "Feature", "properties": { "value": 60.0, "area_m2": 8.7631050031261017e-09 }, "geometry": { "type": "Polygon", "coordinates": [ [ [ 0.000693776871047, 0.000257364510335 ], [ 0.000693777111994, 0.000257364510335 ], [ 0.000693777111994, 0.000257364468045 ], [ 0.000693777352941, 0.000257364468045 ], [ 0.000693777352941, 0.000257364425756 ], [ 0.000693777593888, 0.000257364425756 ], [ 0.000693777593888, 0.000257364383466 ], [ 0.000693777786645, 0.000257364383466 ], [ 0.000693777786645, 0.000257364341176 ], [ 0.000693777834834, 0.000257364341176 ], [ 0.000693777834834, 0.000257364129728 ], [ 0.000693777786645, 0.000257364129728 ], [ 0.000693777786645, 0.000257363918279 ], [ 0.000693777738456, 0.000257363918279 ], [ 0.000693777738456, 0.000257363664541 ], [ 0.000693777690266, 0.000257363664541 ], [ 0.000693777690266, 0.000257363622251 ], [ 0.000693777642077, 0.000257363622251 ], [ 0.000693777642077, 0.000257363579961 ], [ 0.000693777497509, 0.000257363579961 ], [ 0.000693777497509, 0.000257363622251 ], [ 0.000693777256562, 0.000257363622251 ], [ 0.000693777256562, 0.000257363664541 ], [ 0.000693777111994, 0.000257363664541 ], [ 0.000693777111994, 0.000257363706831 ], [ 0.000693777063804, 0.000257363706831 ], [ 0.000693777063804, 0.0002573638337 ], [ 0.000693777015615, 0.0002573638337 ], [ 0.000693777015615, 0.000257363875989 ], [ 0.000693776967425, 0.000257363875989 ], [ 0.000693776967425, 0.000257363918279 ], [ 0.000693776919236, 0.000257363918279 ], [ 0.000693776919236, 0.000257363960569 ], [ 0.000693776871047, 0.000257363960569 ], [ 0.000693776871047, 0.000257364002859 ], [ 0.000693776822857, 0.000257364002859 ], [ 0.000693776822857, 0.000257364129728 ], [ 0.000693776871047, 0.000257364129728 ], [ 0.000693776871047, 0.000257364341176 ], [ 0.000693776822857, 0.000257364341176 ], [ 0.000693776822857, 0.000257364468045 ], [ 0.000693776871047, 0.000257364468045 ], [ 0.000693776871047, 0.000257364510335 ] ] ] } },
{ "type": "Feature", "properties": { "value": 62.0, "area_m2": 2.5253904916657432e-11 }, "geometry": { "type": "Polygon", "coordinates": [ [ [ 0.000693778702243, 0.00025736235356 ], [ 0.000693778750433, 0.00025736235356 ], [ 0.000693778750433, 0.00025736231127 ], [ 0.000693778702243, 0.00025736231127 ], [ 0.000693778702243, 0.00025736235356 ] ] ] } },
{ "type": "Feature", "properties": { "value": 62.0, "area_m2": 2.5253904916657432e-11 }, "geometry": { "type": "Polygon", "coordinates": [ [ [ 0.000693779135948, 0.00025736235356 ], [ 0.000693779184137, 0.00025736235356 ], [ 0.000693779184137, 0.00025736231127 ], [ 0.000693779135948, 0.00025736231127 ], [ 0.000693779135948, 0.00025736235356 ] ] ] } },
{ "type": "Feature", "properties": { "value": 51.0, "area_m2": 7.5256636626672853e-09 }, "geometry": { "type": "Polygon", "coordinates": [ [ [ 0.000693779955167, 0.000257363030195 ], [ 0.000693780292493, 0.000257363030195 ], [ 0.000693780292493, 0.000257362987905 ], [ 0.00069378053344, 0.000257362987905 ], [ 0.00069378053344, 0.000257362945616 ], [ 0.00069378058163, 0.000257362945616 ], [ 0.00069378058163, 0.000257362861036 ], [ 0.00069378053344, 0.000257362861036 ], [ 0.00069378053344, 0.000257362734167 ], [ 0.000693780485251, 0.000257362734167 ], [ 0.000693780485251, 0.000257362480429 ], [ 0.000693780437061, 0.000257362480429 ], [ 0.000693780437061, 0.00025736239585 ], [ 0.000693780388872, 0.00025736239585 ], [ 0.000693780388872, 0.00025736235356 ], [ 0.000693780340683, 0.00025736235356 ], [ 0.000693780340683, 0.00025736231127 ], [ 0.000693780244304, 0.00025736231127 ], [ 0.000693780244304, 0.00025736226898 ], [ 0.000693780099736, 0.00025736226898 ], [ 0.000693780099736, 0.00025736231127 ], [ 0.000693779858789, 0.00025736231127 ], [ 0.000693779858789, 0.00025736235356 ], [ 0.000693779714221, 0.00025736235356 ], [ 0.000693779714221, 0.00025736239585 ], [ 0.000693779617842, 0.00025736239585 ], [ 0.000693779617842, 0.000257362438139 ], [ 0.000693779521463, 0.000257362438139 ], [ 0.000693779521463, 0.000257362480429 ], [ 0.000693779473274, 0.000257362480429 ], [ 0.000693779473274, 0.000257362565008 ], [ 0.000693779425084, 0.000257362565008 ], [ 0.000693779425084, 0.000257362691878 ], [ 0.000693779473274, 0.000257362691878 ], [ 0.000693779473274, 0.000257362734167 ], [ 0.000693779521463, 0.000257362734167 ], [ 0.000693779521463, 0.000257362691878 ], [ 0.000693779569652, 0.000257362691878 ], [ 0.000693779569652, 0.000257362734167 ], [ 0.000693779617842, 0.000257362734167 ], [ 0.000693779617842, 0.000257362776457 ], [ 0.000693779666031, 0.000257362776457 ], [ 0.000693779666031, 0.000257362818747 ], [ 0.00069377976241, 0.000257362818747 ], [ 0.00069377976241, 0.000257362903326 ], [ 0.000693779810599, 0.000257362903326 ], [ 0.000693779810599, 0.000257362945616 ], [ 0.000693779858789, 0.000257362945616 ], [ 0.000693779858789, 0.000257362987905 ], [ 0.000693779955167, 0.000257362987905 ], [ 0.000693779955167, 0.000257363030195 ] ] ] } },
{ "type": "Feature", "properties": { "value": 62.0, "area_m2": 2.5253904897599191e-11 }, "geometry": { "type": "Polygon", "coordinates": [ [ [ 0.000693778654054, 0.00025736231127 ], [ 0.000693778702243, 0.00025736231127 ], [ 0.000693778702243, 0.00025736226898 ], [ 0.000693778654054, 0.00025736226898 ], [ 0.000693778654054, 0.00025736231127 ] ] ] } },
{ "type": "Feature", "properties": { "value": 77.0, "area_m2": 1.0202577582861003e-08 }, "geometry": { "type": "Polygon", "coordinates": [ [ [ 0.00069377349779, 0.000257363114775 ], [ 0.000693773738737, 0.000257363114775 ], [ 0.000693773738737, 0.000257363072485 ], [ 0.000693774124252, 0.000257363072485 ], [ 0.000693774124252, 0.000257363030195 ], [ 0.00069377422063, 0.000257363030195 ], [ 0.00069377422063, 0.000257362987905 ], [ 0.000693774317009, 0.000257362987905 ], [ 0.000693774317009, 0.000257362945616 ], [ 0.000693774365199, 0.000257362945616 ], [ 0.000693774365199, 0.000257362903326 ], [ 0.000693774413388, 0.000257362903326 ], [ 0.000693774413388, 0.000257362818747 ], [ 0.000693774461577, 0.000257362818747 ], [ 0.000693774461577, 0.000257362607298 ], [ 0.000693774413388, 0.000257362607298 ], [ 0.000693774413388, 0.000257362480429 ], [ 0.000693774365199, 0.000257362480429 ], [ 0.000693774365199, 0.000257362438139 ], [ 0.000693774317009, 0.000257362438139 ], [ 0.000693774317009, 0.00025736235356 ], [ 0.00069377426882, 0.00025736235356 ], [ 0.00069377426882, 0.00025736226898 ], [ 0.000693774172441, 0.00025736226898 ], [ 0.000693774172441, 0.000257362226691 ], [ 0.000693773738737, 0.000257362226691 ], [ 0.000693773738737, 0.000257362184401 ], [ 0.000693773642358, 0.000257362184401 ], [ 0.000693773642358, 0.000257362226691 ], [ 0.00069377349779, 0.000257362226691 ], [ 0.00069377349779, 0.00025736226898 ], [ 0.0006937734496, 0.00025736226898 ], [ 0.0006937734496, 0.00025736235356 ], [ 0.000693773401411, 0.00025736235356 ], [ 0.000693773401411, 0.000257362438139 ], [ 0.000693773353221, 0.000257362438139 ], [ 0.000693773353221, 0.000257362776457 ], [ 0.000693773401411, 0.000257362776457 ], [ 0.000693773401411, 0.000257362945616 ], [ 0.0006937734496, 0.000257362945616 ], [ 0.0006937734496, 0.000257363072485 ], [ 0.00069377349779, 0.000257363072485 ], [ 0.00069377349779, 0.000257363114775 ] ] ] } },
{ "type": "Feature", "properties": { "value": 62.0, "area_m2": 5.0507809814256624e-11 }, "geometry": { "type": "Polygon", "coordinates": [ [ [ 0.000693778605865, 0.000257362057532 ], [ 0.000693778654054, 0.000257362057532 ], [ 0.000693778654054, 0.000257361972952 ], [ 0.000693778605865, 0.000257361972952 ], [ 0.000693778605865, 0.000257362057532 ] ] ] } },
{ "type": "Feature", "properties": { "value": 90.0, "area_m2": 1.1642050162595904e-08 }, "geometry": { "type": "Polygon", "coordinates": [ [ [ 0.000693769064366, 0.000257362818747 ], [ 0.000693769401692, 0.000257362818747 ], [ 0.000693769401692, 0.000257362776457 ], [ 0.00069376949807, 0.000257362776457 ], [ 0.00069376949807, 0.000257362734167 ], [ 0.000693769642639, 0.000257362734167 ], [ 0.000693769642639, 0.000257362691878 ], [ 0.000693769739017, 0.000257362691878 ], [ 0.000693769739017, 0.000257362649588 ], [ 0.000693769787207, 0.000257362649588 ], [ 0.000693769787207, 0.000257362607298 ], [ 0.000693769835396, 0.000257362607298 ], [ 0.000693769835396, 0.000257362565008 ], [ 0.000693769883586, 0.000257362565008 ], [ 0.000693769883586, 0.00025736235356 ], [ 0.000693769835396, 0.00025736235356 ], [ 0.000693769835396, 0.00025736231127 ], [ 0.000693769787207, 0.00025736231127 ], [ 0.000693769787207, 0.000257362226691 ], [ 0.000693769739017, 0.000257362226691 ], [ 0.000693769739017, 0.000257362184401 ], [ 0.000693769690828, 0.000257362184401 ], [ 0.000693769690828, 0.000257362142111 ], [ 0.000693769642639, 0.000257362142111 ], [ 0.000693769642639, 0.000257362057532 ], [ 0.000693769594449, 0.000257362057532 ], [ 0.000693769594449, 0.000257361930663 ], [ 0.00069376954626, 0.000257361930663 ], [ 0.00069376954626, 0.000257361846083 ], [ 0.00069376949807, 0.000257361846083 ], [ 0.00069376949807, 0.000257361803794 ], [ 0.000693769353502, 0.000257361803794 ], [ 0.000693769353502, 0.000257361761504 ], [ 0.000693769305313, 0.000257361761504 ], [ 0.000693769305313, 0.000257361803794 ], [ 0.000693768967987, 0.000257361803794 ], [ 0.000693768967987, 0.000257361846083 ], [ 0.000693768871608, 0.000257361846083 ], [ 0.000693768871608, 0.000257361888373 ], [ 0.00069376877523, 0.000257361888373 ], [ 0.00069376877523, 0.000257361930663 ], [ 0.00069376872704, 0.000257361930663 ], [ 0.00069376872704, 0.000257361972952 ], [ 0.000693768678851, 0.000257361972952 ], [ 0.000693768678851, 0.000257362057532 ], [ 0.000693768630662, 0.000257362057532 ], [ 0.000693768630662, 0.000257362226691 ], [ 0.000693768678851, 0.000257362226691 ], [ 0.000693768678851, 0.00025736235356 ], [ 0.00069376872704, 0.00025736235356 ], [ 0.00069376872704, 0.000257362438139 ], [ 0.00069376877523, 0.000257362438139 ], [ 0.00069376877523, 0.000257362522719 ], [ 0.000693768823419, 0.000257362522719 ], [ 0.000693768823419, 0.000257362607298 ], [ 0.000693768871608, 0.000257362607298 ], [ 0.000693768871608, 0.000257362649588 ], [ 0.000693768919798, 0.000257362649588 ], [ 0.000693768919798, 0.000257362734167 ], [ 0.000693768967987, 0.000257362734167 ], [ 0.000693768967987, 0.000257362776457 ], [ 0.000693769064366, 0.000257362776457 ], [ 0.000693769064366, 0.000257362818747 ] ] ] } },
{ "type": "Feature", "properties": { "value": 62.0, "area_m2": 2.5253904916657432e-11 }, "geometry": { "type": "Polygon", "coordinates": [ [ [ 0.000693778557675, 0.000257361803794 ], [ 0.000693778605865, 0.000257361803794 ], [ 0.000693778605865, 0.000257361761504 ], [ 0.000693778557675, 0.000257361761504 ], [ 0.000693778557675, 0.000257361803794 ] ] ] } },
{ "type": "Feature", "properties": { "value": 62.0, "area_m2": 1.3637108650611618e-09 }, "geometry": { "type": "Polygon", "coordinates": [ [ [ 0.000693779184137, 0.00025736231127 ], [ 0.000693779280516, 0.00025736231127 ], [ 0.000693779280516, 0.00025736226898 ], [ 0.000693779425084, 0.00025736226898 ], [ 0.000693779425084, 0.000257362226691 ], [ 0.000693779473274, 0.000257362226691 ], [ 0.000693779473274, 0.000257362142111 ], [ 0.000693779521463, 0.000257362142111 ], [ 0.000693779521463, 0.000257362099822 ], [ 0.000693779473274, 0.000257362099822 ], [ 0.000693779473274, 0.000257362015242 ], [ 0.000693779425084, 0.000257362015242 ], [ 0.000693779425084, 0.000257361846083 ], [ 0.000693779376895, 0.000257361846083 ], [ 0.000693779376895, 0.000257361803794 ], [ 0.000693779328705, 0.000257361803794 ], [ 0.000693779328705, 0.000257361719214 ], [ 0.000693779280516, 0.000257361719214 ], [ 0.000693779280516, 0.000257361634635 ], [ 0.000693779232327, 0.000257361634635 ], [ 0.000693779232327, 0.000257361550055 ], [ 0.000693779184137, 0.000257361550055 ], [ 0.000693779184137, 0.000257361507766 ], [ 0.000693779135948, 0.000257361507766 ], [ 0.000693779135948, 0.000257361592345 ], [ 0.000693779184137, 0.000257361592345 ], [ 0.000693779184137, 0.000257361676924 ], [ 0.000693779232327, 0.000257361676924 ], [ 0.000693779232327, 0.000257361803794 ], [ 0.000693779280516, 0.000257361803794 ], [ 0.000693779280516, 0.000257362142111 ], [ 0.000693779232327, 0.000257362142111 ], [ 0.000693779232327, 0.00025736226898 ], [ 0.000693779184137, 0.00025736226898 ], [ 0.000693779184137, 0.00025736231127 ] ] ] } },
{ "type": "Feature", "properties": { "value": 107.0, "area_m2": 1.5985721806850672e-08 }, "geometry": { "type": "Polygon", "coordinates": [ [ [ 0.000693783039288, 0.000257362776457 ], [ 0.000693783232046, 0.000257362776457 ], [ 0.000693783232046, 0.000257362734167 ], [ 0.000693783376614, 0.000257362734167 ], [ 0.000693783376614, 0.000257362691878 ], [ 0.000693783472993, 0.000257362691878 ], [ 0.000693783472993, 0.000257362649588 ], [ 0.000693783569372, 0.000257362649588 ], [ 0.000693783569372, 0.000257362607298 ], [ 0.00069378366575, 0.000257362607298 ], [ 0.00069378366575, 0.000257362565008 ], [ 0.00069378371394, 0.000257362565008 ], [ 0.00069378371394, 0.000257362438139 ], [ 0.00069378366575, 0.000257362438139 ], [ 0.00069378366575, 0.000257361676924 ], [ 0.000693783617561, 0.000257361676924 ], [ 0.000693783617561, 0.000257361507766 ], [ 0.000693783569372, 0.000257361507766 ], [ 0.000693783569372, 0.000257361465476 ], [ 0.000693783280235, 0.000257361465476 ], [ 0.000693783280235, 0.000257361507766 ], [ 0.000693783135667, 0.000257361507766 ], [ 0.000693783135667, 0.000257361550055 ], [ 0.000693783039288, 0.000257361550055 ], [ 0.000693783039288, 0.000257361592345 ], [ 0.000693782942909, 0.000257361592345 ], [ 0.000693782942909, 0.000257361634635 ], [ 0.000693782846531, 0.000257361634635 ], [ 0.000693782846531, 0.000257361676924 ], [ 0.000693782750152, 0.000257361676924 ], [ 0.000693782750152, 0.000257361719214 ], [ 0.000693782653773, 0.000257361719214 ], [ 0.000693782653773, 0.000257361761504 ], [ 0.000693782605584, 0.000257361761504 ], [ 0.000693782605584, 0.000257361803794 ], [ 0.000693782509205, 0.000257361803794 ], [ 0.000693782509205, 0.000257361846083 ], [ 0.000693782461016, 0.000257361846083 ], [ 0.000693782461016, 0.000257361888373 ], [ 0.000693782364637, 0.000257361888373 ], [ 0.000693782364637, 0.000257361930663 ], [ 0.000693782316447, 0.000257361930663 ], [ 0.000693782316447, 0.000257361972952 ], [ 0.000693782268258, 0.000257361972952 ], [ 0.000693782268258, 0.000257362057532 ], [ 0.000693782220069, 0.000257362057532 ], [ 0.000693782220069, 0.000257362142111 ], [ 0.000693782268258, 0.000257362142111 ], [ 0.000693782268258, 0.000257362184401 ], [ 0.000693782364637, 0.000257362184401 ], [ 0.000693782364637, 0.000257362226691 ], [ 0.000693782461016, 0.000257362226691 ], [ 0.000693782461016, 0.00025736226898 ], [ 0.000693782509205, 0.00025736226898 ], [ 0.000693782509205, 0.00025736231127 ], [ 0.000693782557394, 0.00025736231127 ], [ 0.000693782557394, 0.00025736235356 ], [ 0.000693782605584, 0.00025736235356 ], [ 0.000693782605584, 0.00025736239585 ], [ 0.000693782653773, 0.00025736239585 ], [ 0.000693782653773, 0.000257362438139 ], [ 0.000693782701963, 0.000257362438139 ], [ 0.000693782701963, 0.000257362522719 ], [ 0.000693782750152, 0.000257362522719 ], [ 0.000693782750152, 0.000257362565008 ], [ 0.000693782798341, 0.000257362565008 ], [ 0.000693782798341, 0.000257362607298 ], [ 0.000693782846531, 0.000257362607298 ], [ 0.000693782846531, 0.000257362649588 ], [ 0.00069378289472, 0.000257362649588 ], [ 0.00069378289472, 0.000257362691878 ], [ 0.000693782942909, 0.000257362691878 ], [ 0.000693782942909, 0.000257362734167 ], [ 0.000693783039288, 0.000257362734167 ], [ 0.000693783039288, 0.000257362776457 ] ] ] } },
{ "type": "Feature", "properties": { "value": 62.0, "area_m2": 5.0507809833314865e-11 }, "geometry": { "type": "Polygon", "coordinates": [ [ [ 0.000693779039569, 0.000257361507766 ], [ 0.000693779135948, 0.000257361507766 ], [ 0.000693779135948, 0.000257361465476 ], [ 0.000693779039569, 0.000257361465476 ], [ 0.000693779039569, 0.000257361507766 ] ] ] } },
{ "type": "Feature", "properties": { "value": 62.0, "area_m2": 2.5253904897599191e-11 }, "geometry": { "type": "Polygon", "coordinates": [ [ [ 0.000693778557675, 0.000257361465476 ], [ 0.000693778605865, 0.000257361465476 ], [ 0.000693778605865, 0.000257361423186 ], [ 0.000693778557675, 0.000257361423186 ], [ 0.000693778557675, 0.000257361465476 ] ] ] } },
{ "type": "Feature", "properties": { "value": 62.0, "area_m2": 2.5253904897599191e-11 }, "geometry": { "type": "Polygon", "coordinates": [ [ [ 0.00069377894319, 0.000257361465476 ], [ 0.00069377899138, 0.000257361465476 ], [ 0.00069377899138, 0.000257361423186 ], [ 0.00069377894319, 0.000257361423186 ], [ 0.00069377894319, 0.000257361465476 ] ] ] } },
{ "type": "Feature", "properties": { "value": 43.0, "area_m2": 6.9448238497556885e-09 }, "geometry": { "type": "Polygon", "coordinates": [ [ [ 0.000693778750433, 0.00025736235356 ], [ 0.000693779135948, 0.00025736235356 ], [ 0.000693779135948, 0.00025736231127 ], [ 0.000693779184137, 0.00025736231127 ], [ 0.000693779184137, 0.00025736226898 ], [ 0.000693779232327, 0.00025736226898 ], [ 0.000693779232327, 0.000257362142111 ], [ 0.000693779280516, 0.000257362142111 ], [ 0.000693779280516, 0.000257361803794 ], [ 0.000693779232327, 0.000257361803794 ], [ 0.000693779232327, 0.000257361676924 ], [ 0.000693779184137, 0.000257361676924 ], [ 0.000693779184137, 0.000257361592345 ], [ 0.000693779135948, 0.000257361592345 ], [ 0.000693779135948, 0.000257361507766 ], [ 0.000693779039569, 0.000257361507766 ], [ 0.000693779039569, 0.000257361465476 ], [ 0.00069377894319, 0.000257361465476 ], [ 0.00069377894319, 0.000257361423186 ], [ 0.000693778895001, 0.000257361423186 ], [ 0.000693778895001, 0.000257361380896 ], [ 0.000693778654054, 0.000257361380896 ], [ 0.000693778654054, 0.000257361423186 ], [ 0.000693778605865, 0.000257361423186 ], [ 0.000693778605865, 0.000257361465476 ], [ 0.000693778557675, 0.000257361465476 ], [ 0.000693778557675, 0.000257361761504 ], [ 0.000693778605865, 0.000257361761504 ], [ 0.000693778605865, 0.000257361972952 ], [ 0.000693778654054, 0.000257361972952 ], [ 0.000693778654054, 0.00025736226898 ], [ 0.000693778702243, 0.00025736226898 ], [ 0.000693778702243, 0.00025736231127 ], [ 0.000693778750433, 0.00025736231127 ], [ 0.000693778750433, 0.00025736235356 ] ] ] } },
{ "type": "Feature", "properties": { "value": 62.0, "area_m2": 2.5253904916657432e-11 }, "geometry": { "type": "Polygon", "coordinates": [ [ [ 0.000693778605865, 0.000257361423186 ], [ 0.000693778654054, 0.000257361423186 ], [ 0.000693778654054, 0.000257361380896 ], [ 0.000693778605865, 0.000257361380896 ], [ 0.000693778605865, 0.000257361423186 ] ] ] } },
{ "type": "Feature", "properties": { "value": 62.0, "area_m2": 2.5253904916657432e-11 }, "geometry": { "type": "Polygon", "coordinates": [ [ [ 0.000693778895001, 0.000257361423186 ], [ 0.00069377894319, 0.000257361423186 ], [ 0.00069377894319, 0.000257361380896 ], [ 0.000693778895001, 0.000257361380896 ], [ 0.000693778895001, 0.000257361423186 ] ] ] } },
{ "type": "Feature", "properties": { "value": 95.0, "area_m2": 1.2803729788400039e-08 }, "geometry": { "type": "Polygon", "coordinates": [ [ [ 0.000693787713659, 0.000257362565008 ], [ 0.000693788002795, 0.000257362565008 ], [ 0.000693788002795, 0.000257362522719 ], [ 0.000693788050985, 0.000257362522719 ], [ 0.000693788050985, 0.000257362438139 ], [ 0.000693788099174, 0.000257362438139 ], [ 0.000693788099174, 0.00025736231127 ], [ 0.000693788147363, 0.00025736231127 ], [ 0.000693788147363, 0.000257362142111 ], [ 0.000693788195553, 0.000257362142111 ], [ 0.000693788195553, 0.000257361888373 ], [ 0.000693788243742, 0.000257361888373 ], [ 0.000693788243742, 0.000257361465476 ], [ 0.000693788195553, 0.000257361465476 ], [ 0.000693788195553, 0.000257361423186 ], [ 0.000693788099174, 0.000257361423186 ], [ 0.000693788099174, 0.000257361380896 ], [ 0.000693787954606, 0.000257361380896 ], [ 0.000693787954606, 0.000257361338607 ], [ 0.000693787858227, 0.000257361338607 ], [ 0.000693787858227, 0.000257361296317 ], [ 0.000693787328144, 0.000257361296317 ], [ 0.000693787328144, 0.000257361338607 ], [ 0.000693787279954, 0.000257361338607 ], [ 0.000693787279954, 0.000257361423186 ], [ 0.000693787231765, 0.000257361423186 ], [ 0.000693787231765, 0.000257361846083 ], [ 0.000693787279954, 0.000257361846083 ], [ 0.000693787279954, 0.000257362015242 ], [ 0.000693787328144, 0.000257362015242 ], [ 0.000693787328144, 0.000257362142111 ], [ 0.000693787376333, 0.000257362142111 ], [ 0.000693787376333, 0.000257362226691 ], [ 0.000693787424522, 0.000257362226691 ], [ 0.000693787424522, 0.00025736231127 ], [ 0.000693787472712, 0.00025736231127 ], [ 0.000693787472712, 0.00025736235356 ], [ 0.000693787520901, 0.00025736235356 ], [ 0.000693787520901, 0.000257362480429 ], [ 0.00069378761728, 0.000257362480429 ], [ 0.00069378761728, 0.000257362522719 ], [ 0.000693787713659, 0.000257362522719 ], [ 0.000693787713659, 0.000257362565008 ] ] ] } },
{ "type": "Feature", "properties": { "value": 62.0, "area_m2": 2.2728514415462569e-10 }, "geometry": { "type": "Polygon", "coordinates": [ [ [ 0.000693778654054, 0.000257361380896 ], [ 0.000693778895001, 0.000257361380896 ], [ 0.000693778895001, 0.000257361338607 ], [ 0.000693778846812, 0.000257361338607 ], [ 0.000693778846812, 0.000257361296317 ], [ 0.000693778654054, 0.000257361296317 ], [ 0.000693778654054, 0.000257361380896 ] ] ] } },
{ "type": "Feature", "properties": { "value": 112.0, "area_m2": 1.7147401432597633e-08 }, "geometry": { "type": "Polygon", "coordinates": [ [ [ 0.000693767425927, 0.000257362226691 ], [ 0.000693767474116, 0.000257362226691 ], [ 0.000693767474116, 0.000257362184401 ], [ 0.000693767522306, 0.000257362184401 ], [ 0.000693767522306, 0.000257362142111 ], [ 0.000693767618684, 0.000257362142111 ], [ 0.000693767618684, 0.000257362099822 ], [ 0.000693767715063, 0.000257362099822 ], [ 0.000693767715063, 0.000257362057532 ], [ 0.000693767811442, 0.000257362057532 ], [ 0.000693767811442, 0.000257362015242 ], [ 0.000693767859631, 0.000257362015242 ], [ 0.000693767859631, 0.000257361972952 ], [ 0.000693767907821, 0.000257361972952 ], [ 0.000693767907821, 0.000257361930663 ], [ 0.000693768004199, 0.000257361930663 ], [ 0.000693768004199, 0.000257361888373 ], [ 0.000693768100578, 0.000257361888373 ], [ 0.000693768100578, 0.000257361846083 ], [ 0.000693768148768, 0.000257361846083 ], [ 0.000693768148768, 0.000257361803794 ], [ 0.000693768196957, 0.000257361803794 ], [ 0.000693768196957, 0.000257361761504 ], [ 0.000693768293336, 0.000257361761504 ], [ 0.000693768293336, 0.000257361592345 ], [ 0.000693768196957, 0.000257361592345 ], [ 0.000693768196957, 0.000257361550055 ], [ 0.000693768148768, 0.000257361550055 ], [ 0.000693768148768, 0.000257361507766 ], [ 0.000693768100578, 0.000257361507766 ], [ 0.000693768100578, 0.000257361465476 ], [ 0.000693768052389, 0.000257361465476 ], [ 0.000693768052389, 0.000257361380896 ], [ 0.000693768004199, 0.000257361380896 ], [ 0.000693768004199, 0.000257361296317 ], [ 0.00069376795601, 0.000257361296317 ], [ 0.00069376795601, 0.000257361254027 ], [ 0.000693767907821, 0.000257361254027 ], [ 0.000693767907821, 0.000257361211738 ], [ 0.000693767859631, 0.000257361211738 ], [ 0.000693767859631, 0.000257361127158 ], [ 0.000693767811442, 0.000257361127158 ], [ 0.000693767811442, 0.000257361042579 ], [ 0.000693767763253, 0.000257361042579 ], [ 0.000693767763253, 0.000257361000289 ], [ 0.000693767715063, 0.000257361000289 ], [ 0.000693767715063, 0.00025736091571 ], [ 0.000693767666874, 0.00025736091571 ], [ 0.000693767666874, 0.00025736083113 ], [ 0.000693767618684, 0.00025736083113 ], [ 0.000693767618684, 0.000257360746551 ], [ 0.000693767570495, 0.000257360746551 ], [ 0.000693767570495, 0.000257360661971 ], [ 0.000693767522306, 0.000257360661971 ], [ 0.000693767522306, 0.000257360619682 ], [ 0.000693767281359, 0.000257360619682 ], [ 0.000693767281359, 0.000257360661971 ], [ 0.000693767233169, 0.000257360661971 ], [ 0.000693767233169, 0.000257360704261 ], [ 0.000693767136791, 0.000257360704261 ], [ 0.000693767136791, 0.000257360746551 ], [ 0.000693767088601, 0.000257360746551 ], [ 0.000693767088601, 0.000257360788841 ], [ 0.000693767040412, 0.000257360788841 ], [ 0.000693767040412, 0.00025736083113 ], [ 0.000693766992222, 0.00025736083113 ], [ 0.000693766992222, 0.000257361042579 ], [ 0.000693767040412, 0.000257361042579 ], [ 0.000693767040412, 0.000257361127158 ], [ 0.000693766992222, 0.000257361127158 ], [ 0.000693766992222, 0.000257361169448 ], [ 0.000693766895844, 0.000257361169448 ], [ 0.000693766895844, 0.000257361211738 ], [ 0.000693766799465, 0.000257361211738 ], [ 0.000693766799465, 0.000257361507766 ], [ 0.000693766847654, 0.000257361507766 ], [ 0.000693766847654, 0.000257361550055 ], [ 0.000693766895844, 0.000257361550055 ], [ 0.000693766895844, 0.000257361634635 ], [ 0.000693766944033, 0.000257361634635 ], [ 0.000693766944033, 0.000257361676924 ], [ 0.000693766992222, 0.000257361676924 ], [ 0.000693766992222, 0.000257361761504 ], [ 0.000693767040412, 0.000257361761504 ], [ 0.000693767040412, 0.000257361803794 ], [ 0.000693767088601, 0.000257361803794 ], [ 0.000693767088601, 0.000257361888373 ], [ 0.000693767136791, 0.000257361888373 ], [ 0.000693767136791, 0.000257361972952 ], [ 0.00069376718498, 0.000257361972952 ], [ 0.00069376718498, 0.000257362015242 ], [ 0.000693767233169, 0.000257362015242 ], [ 0.000693767233169, 0.000257362099822 ], [ 0.000693767281359, 0.000257362099822 ], [ 0.000693767281359, 0.000257362184401 ], [ 0.000693767425927, 0.000257362184401 ], [ 0.000693767425927, 0.000257362226691 ] ] ] } },
{ "type": "Feature", "properties": { "value": 53.0, "area_m2": 8.0054878558741358e-09 }, "geometry": { "type": "Polygon", "coordinates": [ [ [ 0.000693786605303, 0.000257361254027 ], [ 0.000693786894439, 0.000257361254027 ], [ 0.000693786894439, 0.000257361211738 ], [ 0.000693787183576, 0.000257361211738 ], [ 0.000693787183576, 0.000257361169448 ], [ 0.000693787328144, 0.000257361169448 ], [ 0.000693787328144, 0.000257361084868 ], [ 0.000693787376333, 0.000257361084868 ], [ 0.000693787376333, 0.000257361000289 ], [ 0.000693787328144, 0.000257361000289 ], [ 0.000693787328144, 0.000257360957999 ], [ 0.000693787376333, 0.000257360957999 ], [ 0.000693787376333, 0.000257360619682 ], [ 0.000693787328144, 0.000257360619682 ], [ 0.000693787328144, 0.000257360535102 ], [ 0.000693787279954, 0.000257360535102 ], [ 0.000693787279954, 0.000257360492813 ], [ 0.000693787183576, 0.000257360492813 ], [ 0.000693787183576, 0.000257360450523 ], [ 0.000693786749871, 0.000257360450523 ], [ 0.000693786749871, 0.000257360492813 ], [ 0.000693786460735, 0.000257360492813 ], [ 0.000693786460735, 0.00025736087342 ], [ 0.000693786508924, 0.00025736087342 ], [ 0.000693786508924, 0.000257361127158 ], [ 0.000693786557114, 0.000257361127158 ], [ 0.000693786557114, 0.000257361211738 ], [ 0.000693786605303, 0.000257361211738 ], [ 0.000693786605303, 0.000257361254027 ] ] ] } },
{ "type": "Feature", "properties": { "value": 46.0, "area_m2": 7.1468550889745985e-09 }, "geometry": { "type": "Polygon", "coordinates": [ [ [ 0.000693775521744, 0.000257361380896 ], [ 0.000693775762691, 0.000257361380896 ], [ 0.000693775762691, 0.000257361338607 ], [ 0.00069377585907, 0.000257361338607 ], [ 0.00069377585907, 0.000257361296317 ], [ 0.000693775907259, 0.000257361296317 ], [ 0.000693775907259, 0.000257360957999 ], [ 0.00069377585907, 0.000257360957999 ], [ 0.00069377585907, 0.000257360408233 ], [ 0.00069377581088, 0.000257360408233 ], [ 0.00069377581088, 0.000257360323654 ], [ 0.000693775762691, 0.000257360323654 ], [ 0.000693775762691, 0.000257360281364 ], [ 0.000693775714501, 0.000257360281364 ], [ 0.000693775714501, 0.000257360239074 ], [ 0.000693775666312, 0.000257360239074 ], [ 0.000693775666312, 0.000257360154495 ], [ 0.000693775618123, 0.000257360154495 ], [ 0.000693775618123, 0.000257360112205 ], [ 0.000693775425365, 0.000257360112205 ], [ 0.000693775425365, 0.000257360154495 ], [ 0.000693775377176, 0.000257360154495 ], [ 0.000693775377176, 0.000257360239074 ], [ 0.000693775328986, 0.000257360239074 ], [ 0.000693775328986, 0.000257360661971 ], [ 0.000693775377176, 0.000257360661971 ], [ 0.000693775377176, 0.000257361042579 ], [ 0.000693775425365, 0.000257361042579 ], [ 0.000693775425365, 0.000257361254027 ], [ 0.000693775473554, 0.000257361254027 ], [ 0.000693775473554, 0.000257361338607 ], [ 0.000693775521744, 0.000257361338607 ], [ 0.000693775521744, 0.000257361380896 ] ] ] } },
{ "type": "Feature", "properties": { "value": 5.0, "area_m2": 2.8789451594698023e-09 }, "geometry": { "type": "Polygon", "coordinates": [ [ [ 0.000693777497509, 0.000257360492813 ], [ 0.000693777593888, 0.000257360492813 ], [ 0.000693777593888, 0.000257360450523 ], [ 0.000693777834834, 0.000257360450523 ], [ 0.000693777834834, 0.000257360408233 ], [ 0.000693777883024, 0.000257360408233 ], [ 0.000693777883024, 0.000257360112205 ], [ 0.000693777834834, 0.000257360112205 ], [ 0.000693777834834, 0.000257360069915 ], [ 0.000693777786645, 0.000257360069915 ], [ 0.000693777786645, 0.000257360027626 ], [ 0.00069377740113, 0.000257360027626 ], [ 0.00069377740113, 0.000257360069915 ], [ 0.000693777304751, 0.000257360069915 ], [ 0.000693777304751, 0.000257360365943 ], [ 0.000693777352941, 0.000257360365943 ], [ 0.000693777352941, 0.000257360450523 ], [ 0.000693777497509, 0.000257360450523 ], [ 0.000693777497509, 0.000257360492813 ] ] ] } },
{ "type": "Feature", "properties": { "value": 100.0, "area_m2": 7.5761714711855815e-11 }, "geometry": { "type": "Polygon", "coordinates": [ [ [ 0.000693792677166, 0.000257359604729 ], [ 0.000693792773544, 0.000257359604729 ], [ 0.000693792773544, 0.000257359520149 ], [ 0.000693792725355, 0.000257359520149 ], [ 0.000693792725355, 0.000257359562439 ], [ 0.000693792677166, 0.000257359562439 ], [ 0.000693792677166, 0.000257359604729 ] ] ] } },
{ "type": "Feature", "properties": { "value": 105.0, "area_m2": 1.5581659328317561e-08 }, "geometry": { "type": "Polygon", "coordinates": [ [ [ 0.000693767329548, 0.000257360577392 ], [ 0.000693767715063, 0.000257360577392 ], [ 0.000693767715063, 0.000257360535102 ], [ 0.000693767811442, 0.000257360535102 ], [ 0.000693767811442, 0.000257360492813 ], [ 0.000693767907821, 0.000257360492813 ], [ 0.000693767907821, 0.000257360450523 ], [ 0.000693768004199, 0.000257360450523 ], [ 0.000693768004199, 0.000257360408233 ], [ 0.000693768052389, 0.000257360408233 ], [ 0.000693768052389, 0.000257360365943 ], [ 0.000693768100578, 0.000257360365943 ], [ 0.000693768100578, 0.000257360323654 ], [ 0.000693768245146, 0.000257360323654 ], [ 0.000693768245146, 0.000257360281364 ], [ 0.000693768293336, 0.000257360281364 ], [ 0.000693768293336, 0.000257360239074 ], [ 0.000693768341525, 0.000257360239074 ], [ 0.000693768341525, 0.000257360196785 ], [ 0.000693768437904, 0.000257360196785 ], [ 0.000693768437904, 0.000257360154495 ], [ 0.000693768534283, 0.000257360154495 ], [ 0.000693768534283, 0.000257360112205 ], [ 0.00069376872704, 0.000257360112205 ], [ 0.00069376872704, 0.000257360069915 ], [ 0.00069376877523, 0.000257360069915 ], [ 0.00069376877523, 0.000257360027626 ], [ 0.000693768823419, 0.000257360027626 ], [ 0.000693768823419, 0.000257359773887 ], [ 0.00069376877523, 0.000257359773887 ], [ 0.00069376877523, 0.000257359731598 ], [ 0.00069376872704, 0.000257359731598 ], [ 0.00069376872704, 0.000257359689308 ], [ 0.000693768486093, 0.000257359689308 ], [ 0.000693768486093, 0.000257359647018 ], [ 0.000693768437904, 0.000257359647018 ], [ 0.000693768437904, 0.000257359604729 ], [ 0.000693768389715, 0.000257359604729 ], [ 0.000693768389715, 0.000257359562439 ], [ 0.000693768341525, 0.000257359562439 ], [ 0.000693768341525, 0.000257359520149 ], [ 0.000693768293336, 0.000257359520149 ], [ 0.000693768293336, 0.000257359477859 ], [ 0.000693768004199, 0.000257359477859 ], [ 0.000693768004199, 0.000257359520149 ], [ 0.000693767859631, 0.000257359520149 ], [ 0.000693767859631, 0.000257359562439 ], [ 0.000693767763253, 0.000257359562439 ], [ 0.000693767763253, 0.000257359604729 ], [ 0.000693767666874, 0.000257359604729 ], [ 0.000693767666874, 0.000257359647018 ], [ 0.000693767618684, 0.000257359647018 ], [ 0.000693767618684, 0.000257359689308 ], [ 0.000693767522306, 0.000257359689308 ], [ 0.000693767522306, 0.000257359731598 ], [ 0.000693767425927, 0.000257359731598 ], [ 0.000693767425927, 0.000257359773887 ], [ 0.000693767329548, 0.000257359773887 ], [ 0.000693767329548, 0.000257359816177 ], [ 0.000693767233169, 0.000257359816177 ], [ 0.000693767233169, 0.000257359858467 ], [ 0.000693767136791, 0.000257359858467 ], [ 0.000693767136791, 0.000257359900757 ], [ 0.000693767088601, 0.000257359900757 ], [ 0.000693767088601, 0.000257359943046 ], [ 0.000693767040412, 0.000257359943046 ], [ 0.000693767040412, 0.000257360027626 ], [ 0.000693766992222, 0.000257360027626 ], [ 0.000693766992222, 0.000257360112205 ], [ 0.000693767040412, 0.000257360112205 ], [ 0.000693767040412, 0.000257360154495 ], [ 0.000693767088601, 0.000257360154495 ], [ 0.000693767088601, 0.000257360239074 ], [ 0.000693767136791, 0.000257360239074 ], [ 0.000693767136791, 0.000257360365943 ], [ 0.00069376718498, 0.000257360365943 ], [ 0.00069376718498, 0.000257360408233 ], [ 0.000693767233169, 0.000257360408233 ], [ 0.000693767233169, 0.000257360492813 ], [ 0.000693767281359, 0.000257360492813 ], [ 0.000693767281359, 0.000257360535102 ], [ 0.000693767329548, 0.000257360535102 ], [ 0.000693767329548, 0.000257360577392 ] ] ] } },
{ "type": "Feature", "properties": { "value": 14.0, "area_m2": 3.9648630706192565e-09 }, "geometry": { "type": "Polygon", "coordinates": [ [ [ 0.000693784725917, 0.000257360069915 ], [ 0.000693784918674, 0.000257360069915 ], [ 0.000693784918674, 0.000257360027626 ], [ 0.000693785063243, 0.000257360027626 ], [ 0.000693785063243, 0.000257359985336 ], [ 0.000693785111432, 0.000257359985336 ], [ 0.000693785111432, 0.000257359900757 ], [ 0.000693785159621, 0.000257359900757 ], [ 0.000693785159621, 0.000257359604729 ], [ 0.000693785111432, 0.000257359604729 ], [ 0.000693785111432, 0.00025735943557 ], [ 0.000693785063243, 0.00025735943557 ], [ 0.000693785063243, 0.00025735939328 ], [ 0.000693784966864, 0.00025735939328 ], [ 0.000693784966864, 0.00025735935099 ], [ 0.000693784870485, 0.00025735935099 ], [ 0.000693784870485, 0.00025735939328 ], [ 0.000693784677727, 0.00025735939328 ], [ 0.000693784677727, 0.000257359477859 ], [ 0.000693784629538, 0.000257359477859 ], [ 0.000693784629538, 0.000257359943046 ], [ 0.000693784677727, 0.000257359943046 ], [ 0.000693784677727, 0.000257360027626 ], [ 0.000693784725917, 0.000257360027626 ], [ 0.000693784725917, 0.000257360069915 ] ] ] } },
{ "type": "Feature", "properties": { "value": 76.0, "area_m2": 1.0101561963251548e-08 }, "geometry": { "type": "Polygon", "coordinates": [ [ [ 0.000693770220911, 0.000257360281364 ], [ 0.000693770461858, 0.000257360281364 ], [ 0.000693770461858, 0.000257360239074 ], [ 0.000693770558237, 0.000257360239074 ], [ 0.000693770558237, 0.000257360196785 ], [ 0.000693770654616, 0.000257360196785 ], [ 0.000693770654616, 0.000257360154495 ], [ 0.000693770750995, 0.000257360154495 ], [ 0.000693770750995, 0.000257360112205 ], [ 0.000693770799184, 0.000257360112205 ], [ 0.000693770799184, 0.000257360069915 ], [ 0.000693770895563, 0.000257360069915 ], [ 0.000693770895563, 0.000257359985336 ], [ 0.000693770991941, 0.000257359985336 ], [ 0.000693770991941, 0.000257359943046 ], [ 0.000693771040131, 0.000257359943046 ], [ 0.000693771040131, 0.000257359858467 ], [ 0.00069377108832, 0.000257359858467 ], [ 0.00069377108832, 0.000257359689308 ], [ 0.000693771040131, 0.000257359689308 ], [ 0.000693771040131, 0.000257359562439 ], [ 0.000693770991941, 0.000257359562439 ], [ 0.000693770991941, 0.00025735943557 ], [ 0.000693770943752, 0.00025735943557 ], [ 0.000693770943752, 0.00025735939328 ], [ 0.000693770895563, 0.00025735939328 ], [ 0.000693770895563, 0.00025735935099 ], [ 0.000693770461858, 0.00025735935099 ], [ 0.000693770461858, 0.00025735939328 ], [ 0.000693769979964, 0.00025735939328 ], [ 0.000693769979964, 0.00025735943557 ], [ 0.000693769931775, 0.00025735943557 ], [ 0.000693769931775, 0.000257359604729 ], [ 0.000693769979964, 0.000257359604729 ], [ 0.000693769979964, 0.000257359816177 ], [ 0.000693770028154, 0.000257359816177 ], [ 0.000693770028154, 0.000257359985336 ], [ 0.000693770076343, 0.000257359985336 ], [ 0.000693770076343, 0.000257360069915 ], [ 0.000693770124533, 0.000257360069915 ], [ 0.000693770124533, 0.000257360196785 ], [ 0.000693770172722, 0.000257360196785 ], [ 0.000693770172722, 0.000257360239074 ], [ 0.000693770220911, 0.000257360239074 ], [ 0.000693770220911, 0.000257360281364 ] ] ] } },
{ "type": "Feature", "properties": { "value": 64.0, "area_m2": 2.5253904916657432e-11 }, "geometry": { "type": "Polygon", "coordinates": [ [ [ 0.000693780485251, 0.000257359012673 ], [ 0.00069378053344, 0.000257359012673 ], [ 0.00069378053344, 0.000257358970383 ], [ 0.000693780485251, 0.000257358970383 ], [ 0.000693780485251, 0.000257359012673 ] ] ] } },
{ "type": "Feature", "properties": { "value": 36.0, "area_m2": 6.2882223221894106e-09 }, "geometry": { "type": "Polygon", "coordinates": [ [ [ 0.000693772871328, 0.000257359604729 ], [ 0.000693772919517, 0.000257359604729 ], [ 0.000693772919517, 0.000257359562439 ], [ 0.000693773015896, 0.000257359562439 ], [ 0.000693773015896, 0.000257359520149 ], [ 0.000693773160464, 0.000257359520149 ], [ 0.000693773160464, 0.000257359477859 ], [ 0.000693773305032, 0.000257359477859 ], [ 0.000693773305032, 0.00025735943557 ], [ 0.000693773353221, 0.00025735943557 ], [ 0.000693773353221, 0.00025735935099 ], [ 0.000693773401411, 0.00025735935099 ], [ 0.000693773401411, 0.000257359266411 ], [ 0.0006937734496, 0.000257359266411 ], [ 0.0006937734496, 0.000257359181832 ], [ 0.00069377349779, 0.000257359181832 ], [ 0.00069377349779, 0.000257359139542 ], [ 0.000693773545979, 0.000257359139542 ], [ 0.000693773545979, 0.000257359054962 ], [ 0.000693773594168, 0.000257359054962 ], [ 0.000693773594168, 0.000257358885804 ], [ 0.000693773545979, 0.000257358885804 ], [ 0.000693773545979, 0.000257358843514 ], [ 0.000693773256843, 0.000257358843514 ], [ 0.000693773256843, 0.000257358885804 ], [ 0.000693772823138, 0.000257358885804 ], [ 0.000693772823138, 0.000257358928093 ], [ 0.000693772630381, 0.000257358928093 ], [ 0.000693772630381, 0.000257359139542 ], [ 0.00069377267857, 0.000257359139542 ], [ 0.00069377267857, 0.000257359308701 ], [ 0.000693772726759, 0.000257359308701 ], [ 0.000693772726759, 0.00025735943557 ], [ 0.000693772774949, 0.00025735943557 ], [ 0.000693772774949, 0.000257359562439 ], [ 0.000693772871328, 0.000257359562439 ], [ 0.000693772871328, 0.000257359604729 ] ] ] } },
{ "type": "Feature", "properties": { "value": 66.0, "area_m2": 9.1419135766853807e-09 }, "geometry": { "type": "Polygon", "coordinates": [ [ [ 0.000693766799465, 0.000257359520149 ], [ 0.000693767088601, 0.000257359520149 ], [ 0.000693767088601, 0.000257359477859 ], [ 0.000693767233169, 0.000257359477859 ], [ 0.000693767233169, 0.00025735943557 ], [ 0.000693767425927, 0.00025735943557 ], [ 0.000693767425927, 0.00025735939328 ], [ 0.000693767618684, 0.00025735939328 ], [ 0.000693767618684, 0.00025735935099 ], [ 0.000693767715063, 0.00025735935099 ], [ 0.000693767715063, 0.000257359308701 ], [ 0.000693767811442, 0.000257359308701 ], [ 0.000693767811442, 0.000257359266411 ], [ 0.000693767907821, 0.000257359266411 ], [ 0.000693767907821, 0.000257359224121 ], [ 0.00069376795601, 0.000257359224121 ], [ 0.00069376795601, 0.000257359181832 ], [ 0.000693768004199, 0.000257359181832 ], [ 0.000693768004199, 0.000257359097252 ], [ 0.000693768052389, 0.000257359097252 ], [ 0.000693768052389, 0.000257359012673 ], [ 0.000693768004199, 0.000257359012673 ], [ 0.000693768004199, 0.000257358928093 ], [ 0.00069376795601, 0.000257358928093 ], [ 0.00069376795601, 0.000257358885804 ], [ 0.000693767907821, 0.000257358885804 ], [ 0.000693767907821, 0.000257358843514 ], [ 0.000693767859631, 0.000257358843514 ], [ 0.000693767859631, 0.000257358801224 ], [ 0.000693767570495, 0.000257358801224 ], [ 0.000693767570495, 0.000257358758934 ], [ 0.000693767136791, 0.000257358758934 ], [ 0.000693767136791, 0.000257358801224 ], [ 0.000693766799465, 0.000257358801224 ], [ 0.000693766799465, 0.000257359520149 ] ] ] } },
{ "type": "Feature", "properties": { "value": 24.0, "area_m2": 5.4548434599778318e-09 }, "geometry": { "type": "Polygon", "coordinates": [ [ [ 0.000693802796937, 0.00025735939328 ], [ 0.000693803230641, 0.00025735939328 ], [ 0.000693803230641, 0.00025735935099 ], [ 0.000693803278831, 0.00025735935099 ], [ 0.000693803278831, 0.000257359308701 ], [ 0.00069380332702, 0.000257359308701 ], [ 0.00069380332702, 0.000257359266411 ], [ 0.00069380337521, 0.000257359266411 ], [ 0.00069380337521, 0.000257359224121 ], [ 0.000693803423399, 0.000257359224121 ], [ 0.000693803423399, 0.000257359012673 ], [ 0.00069380337521, 0.000257359012673 ], [ 0.00069380337521, 0.000257358801224 ], [ 0.00069380332702, 0.000257358801224 ], [ 0.00069380332702, 0.000257358716645 ], [ 0.000693802748748, 0.000257358716645 ], [ 0.000693802748748, 0.000257358758934 ], [ 0.000693802700558, 0.000257358758934 ], [ 0.000693802700558, 0.000257359266411 ], [ 0.000693802748748, 0.000257359266411 ], [ 0.000693802748748, 0.00025735935099 ], [ 0.000693802796937, 0.00025735935099 ], [ 0.000693802796937, 0.00025735939328 ] ] ] } },
{ "type": "Feature", "properties": { "value": 64.0, "area_m2": 3.3335154479315196e-09 }, "geometry": { "type": "Polygon", "coordinates": [ [ [ 0.000693779280516, 0.000257359224121 ], [ 0.000693779376895, 0.000257359224121 ], [ 0.000693779376895, 0.000257359181832 ], [ 0.00069377976241, 0.000257359181832 ], [ 0.00069377976241, 0.000257359139542 ], [ 0.000693779714221, 0.000257359139542 ], [ 0.000693779714221, 0.000257359097252 ], [ 0.000693779666031, 0.000257359097252 ], [ 0.000693779666031, 0.000257358758934 ], [ 0.000693779617842, 0.000257358758934 ], [ 0.000693779617842, 0.000257358674355 ], [ 0.000693779184137, 0.000257358674355 ], [ 0.000693779184137, 0.000257358716645 ], [ 0.000693779135948, 0.000257358716645 ], [ 0.000693779135948, 0.000257359097252 ], [ 0.000693779184137, 0.000257359097252 ], [ 0.000693779184137, 0.000257359181832 ], [ 0.000693779280516, 0.000257359181832 ], [ 0.000693779280516, 0.000257359224121 ] ] ] } },
{ "type": "Feature", "properties": { "value": 122.0, "area_m2": 2.5253904916657432e-11 }, "geometry": { "type": "Polygon", "coordinates": [ [ [ 0.000693786219788, 0.000257358716645 ], [ 0.000693786267977, 0.000257358716645 ], [ 0.000693786267977, 0.000257358674355 ], [ 0.000693786219788, 0.000257358674355 ], [ 0.000693786219788, 0.000257358716645 ] ] ] } },
{ "type": "Feature", "properties": { "value": 25.0, "area_m2": 5.5306051748421536e-09 }, "geometry": { "type": "Polygon", "coordinates": [ [ [ 0.00069377976241, 0.000257359181832 ], [ 0.000693780485251, 0.000257359181832 ], [ 0.000693780485251, 0.000257359139542 ], [ 0.00069378053344, 0.000257359139542 ], [ 0.00069378053344, 0.000257359012673 ], [ 0.000693780485251, 0.000257359012673 ], [ 0.000693780485251, 0.000257358674355 ], [ 0.000693780388872, 0.000257358674355 ], [ 0.000693780388872, 0.000257358632065 ], [ 0.00069377976241, 0.000257358632065 ], [ 0.00069377976241, 0.000257358674355 ], [ 0.000693779617842, 0.000257358674355 ], [ 0.000693779617842, 0.000257358758934 ], [ 0.000693779666031, 0.000257358758934 ], [ 0.000693779666031, 0.000257359097252 ], [ 0.000693779714221, 0.000257359097252 ], [ 0.000693779714221, 0.000257359139542 ], [ 0.00069377976241, 0.000257359139542 ], [ 0.00069377976241, 0.000257359181832 ] ] ] } },
{ "type": "Feature", "properties": { "value": 64.0, "area_m2": 7.5761714692797573e-11 }, "geometry": { "type": "Polygon", "coordinates": [ [ [ 0.000693779617842, 0.000257358674355 ], [ 0.00069377976241, 0.000257358674355 ], [ 0.00069377976241, 0.000257358632065 ], [ 0.000693779617842, 0.000257358632065 ], [ 0.000693779617842, 0.000257358674355 ] ] ] } },
{ "type": "Feature", "properties": { "value": 64.0, "area_m2": 2.5253904897599191e-11 }, "geometry": { "type": "Polygon", "coordinates": [ [ [ 0.000693780388872, 0.000257358674355 ], [ 0.000693780437061, 0.000257358674355 ], [ 0.000693780437061, 0.000257358632065 ], [ 0.000693780388872, 0.000257358632065 ], [ 0.000693780388872, 0.000257358674355 ] ] ] } },
{ "type": "Feature", "properties": { "value": 100.0, "area_m2": 1.3687616460120943e-08 }, "geometry": { "type": "Polygon", "coordinates": [ [ [ 0.000693792436219, 0.00025735943557 ], [ 0.000693792677166, 0.00025735943557 ], [ 0.000693792677166, 0.00025735939328 ], [ 0.000693792966302, 0.00025735939328 ], [ 0.000693792966302, 0.00025735935099 ], [ 0.000693793062681, 0.00025735935099 ], [ 0.000693793062681, 0.000257359181832 ], [ 0.00069379311087, 0.000257359181832 ], [ 0.00069379311087, 0.000257359054962 ], [ 0.00069379315906, 0.000257359054962 ], [ 0.00069379315906, 0.000257359012673 ], [ 0.000693793207249, 0.000257359012673 ], [ 0.000693793207249, 0.000257358970383 ], [ 0.000693793255438, 0.000257358970383 ], [ 0.000693793255438, 0.000257358843514 ], [ 0.000693793303628, 0.000257358843514 ], [ 0.000693793303628, 0.000257358758934 ], [ 0.000693793255438, 0.000257358758934 ], [ 0.000693793255438, 0.000257358589776 ], [ 0.000693793207249, 0.000257358589776 ], [ 0.000693793207249, 0.000257358547486 ], [ 0.00069379315906, 0.000257358547486 ], [ 0.00069379315906, 0.000257358505196 ], [ 0.00069379311087, 0.000257358505196 ], [ 0.00069379311087, 0.000257358462906 ], [ 0.000693792966302, 0.000257358462906 ], [ 0.000693792966302, 0.000257358420617 ], [ 0.000693792821734, 0.000257358420617 ], [ 0.000693792821734, 0.000257358462906 ], [ 0.000693792677166, 0.000257358462906 ], [ 0.000693792677166, 0.000257358420617 ], [ 0.000693792147082, 0.000257358420617 ], [ 0.000693792147082, 0.000257358462906 ], [ 0.000693791954325, 0.000257358462906 ], [ 0.000693791954325, 0.000257358505196 ], [ 0.000693791906135, 0.000257358505196 ], [ 0.000693791906135, 0.000257358547486 ], [ 0.000693791857946, 0.000257358547486 ], [ 0.000693791857946, 0.000257358758934 ], [ 0.000693791906135, 0.000257358758934 ], [ 0.000693791906135, 0.000257358885804 ], [ 0.000693791954325, 0.000257358885804 ], [ 0.000693791954325, 0.000257358970383 ], [ 0.000693792002514, 0.000257358970383 ], [ 0.000693792002514, 0.000257359054962 ], [ 0.000693792050704, 0.000257359054962 ], [ 0.000693792050704, 0.000257359097252 ], [ 0.000693792098893, 0.000257359097252 ], [ 0.000693792098893, 0.000257359139542 ], [ 0.000693792147082, 0.000257359139542 ], [ 0.000693792147082, 0.000257359224121 ], [ 0.000693792243461, 0.000257359224121 ], [ 0.000693792243461, 0.000257359266411 ], [ 0.00069379233984, 0.000257359266411 ], [ 0.00069379233984, 0.000257359308701 ], [ 0.000693792388029, 0.000257359308701 ], [ 0.000693792388029, 0.00025735939328 ], [ 0.000693792436219, 0.00025735939328 ], [ 0.000693792436219, 0.00025735943557 ] ] ] } },
{ "type": "Feature", "properties": { "value": 122.0, "area_m2": 5.0507809814256624e-11 }, "geometry": { "type": "Polygon", "coordinates": [ [ [ 0.000693786171598, 0.000257358505196 ], [ 0.000693786219788, 0.000257358505196 ], [ 0.000693786219788, 0.000257358420617 ], [ 0.000693786171598, 0.000257358420617 ], [ 0.000693786171598, 0.000257358505196 ] ] ] } },
{ "type": "Feature", "properties": { "value": 10.0, "area_m2": 3.5102927822528304e-09 }, "geometry": { "type": "Polygon", "coordinates": [ [ [ 0.000693795038446, 0.000257359097252 ], [ 0.000693795231203, 0.000257359097252 ], [ 0.000693795231203, 0.000257359054962 ], [ 0.000693795327582, 0.000257359054962 ], [ 0.000693795327582, 0.000257359012673 ], [ 0.000693795375771, 0.000257359012673 ], [ 0.000693795375771, 0.000257358801224 ], [ 0.000693795423961, 0.000257358801224 ], [ 0.000693795423961, 0.000257358547486 ], [ 0.000693795375771, 0.000257358547486 ], [ 0.000693795375771, 0.000257358420617 ], [ 0.000693795327582, 0.000257358420617 ], [ 0.000693795327582, 0.000257358378327 ], [ 0.000693795183014, 0.000257358378327 ], [ 0.000693795183014, 0.000257358336037 ], [ 0.000693795038446, 0.000257358336037 ], [ 0.000693795038446, 0.000257358378327 ], [ 0.000693794990256, 0.000257358378327 ], [ 0.000693794990256, 0.000257359054962 ], [ 0.000693795038446, 0.000257359054962 ], [ 0.000693795038446, 0.000257359097252 ] ] ] } },
{ "type": "Feature", "properties": { "value": 122.0, "area_m2": 2.5253904916657432e-11 }, "geometry": { "type": "Polygon", "coordinates": [ [ [ 0.000693786123409, 0.000257358166878 ], [ 0.000693786171598, 0.000257358166878 ], [ 0.000693786171598, 0.000257358124589 ], [ 0.000693786123409, 0.000257358124589 ], [ 0.000693786123409, 0.000257358166878 ] ] ] } },
{ "type": "Feature", "properties": { "value": 122.0, "area_m2": 5.0507809833314865e-11 }, "geometry": { "type": "Polygon", "coordinates": [ [ [ 0.00069378607522, 0.000257358082299 ], [ 0.000693786123409, 0.000257358082299 ], [ 0.000693786123409, 0.00025735799772 ], [ 0.00069378607522, 0.00025735799772 ], [ 0.00069378607522, 0.000257358082299 ] ] ] } },
{ "type": "Feature", "properties": { "value": 122.0, "area_m2": 1.0101561962851325e-10 }, "geometry": { "type": "Polygon", "coordinates": [ [ [ 0.000693787376333, 0.000257358124589 ], [ 0.000693787424522, 0.000257358124589 ], [ 0.000693787424522, 0.00025735795543 ], [ 0.000693787376333, 0.00025735795543 ], [ 0.000693787376333, 0.000257358124589 ] ] ] } },
{ "type": "Feature", "properties": { "value": 19.0, "area_m2": 4.545702883511795e-09 }, "geometry": { "type": "Polygon", "coordinates": [ [ [ 0.000693783569372, 0.000257358547486 ], [ 0.000693783762129, 0.000257358547486 ], [ 0.000693783762129, 0.000257358505196 ], [ 0.000693783858508, 0.000257358505196 ], [ 0.000693783858508, 0.000257358420617 ], [ 0.000693783906697, 0.000257358420617 ], [ 0.000693783906697, 0.000257358378327 ], [ 0.000693783954887, 0.000257358378327 ], [ 0.000693783954887, 0.000257358336037 ], [ 0.000693784051265, 0.000257358336037 ], [ 0.000693784051265, 0.000257358293748 ], [ 0.000693784099455, 0.000257358293748 ], [ 0.000693784099455, 0.000257358251458 ], [ 0.000693784147644, 0.000257358251458 ], [ 0.000693784147644, 0.00025735795543 ], [ 0.000693784051265, 0.00025735795543 ], [ 0.000693784051265, 0.00025735791314 ], [ 0.00069378366575, 0.00025735791314 ], [ 0.00069378366575, 0.00025735795543 ], [ 0.000693783472993, 0.00025735795543 ], [ 0.000693783472993, 0.000257358040009 ], [ 0.000693783424803, 0.000257358040009 ], [ 0.000693783424803, 0.000257358462906 ], [ 0.000693783472993, 0.000257358462906 ], [ 0.000693783472993, 0.000257358505196 ], [ 0.000693783569372, 0.000257358505196 ], [ 0.000693783569372, 0.000257358547486 ] ] ] } },
{ "type": "Feature", "properties": { "value": 8.0, "area_m2": 3.3335154479124613e-09 }, "geometry": { "type": "Polygon", "coordinates": [ [ [ 0.000693792677166, 0.000257358251458 ], [ 0.000693793014491, 0.000257358251458 ], [ 0.000693793014491, 0.000257358209168 ], [ 0.000693793255438, 0.000257358209168 ], [ 0.000693793255438, 0.000257358166878 ], [ 0.000693793351817, 0.000257358166878 ], [ 0.000693793351817, 0.000257358124589 ], [ 0.000693793400006, 0.000257358124589 ], [ 0.000693793400006, 0.00025735795543 ], [ 0.000693793448196, 0.00025735795543 ], [ 0.000693793448196, 0.00025735791314 ], [ 0.000693793400006, 0.00025735791314 ], [ 0.000693793400006, 0.00025735787085 ], [ 0.000693793303628, 0.00025735787085 ], [ 0.000693793303628, 0.000257357828561 ], [ 0.000693793062681, 0.000257357828561 ], [ 0.000693793062681, 0.00025735787085 ], [ 0.000693792773544, 0.00025735787085 ], [ 0.000693792773544, 0.00025735791314 ], [ 0.000693792677166, 0.00025735791314 ], [ 0.000693792677166, 0.00025735799772 ], [ 0.000693792628976, 0.00025735799772 ], [ 0.000693792628976, 0.000257358209168 ], [ 0.000693792677166, 0.000257358209168 ], [ 0.000693792677166, 0.000257358251458 ] ] ] } },
{ "type": "Feature", "properties": { "value": 96.0, "area_m2": 1.3081522742368922e-08 }, "geometry": { "type": "Polygon", "coordinates": [ [ [ 0.000693786267977, 0.000257358716645 ], [ 0.00069378684625, 0.000257358716645 ], [ 0.00069378684625, 0.000257358674355 ], [ 0.000693787183576, 0.000257358674355 ], [ 0.000693787183576, 0.000257358632065 ], [ 0.000693787328144, 0.000257358632065 ], [ 0.000693787328144, 0.000257358589776 ], [ 0.000693787376333, 0.000257358589776 ], [ 0.000693787376333, 0.000257357828561 ], [ 0.000693787328144, 0.000257357828561 ], [ 0.000693787328144, 0.000257357786271 ], [ 0.000693786749871, 0.000257357786271 ], [ 0.000693786749871, 0.000257357828561 ], [ 0.000693786316167, 0.000257357828561 ], [ 0.000693786316167, 0.00025735787085 ], [ 0.000693786123409, 0.00025735787085 ], [ 0.000693786123409, 0.00025735791314 ], [ 0.00069378607522, 0.00025735791314 ], [ 0.00069378607522, 0.00025735799772 ], [ 0.000693786123409, 0.00025735799772 ], [ 0.000693786123409, 0.000257358124589 ], [ 0.000693786171598, 0.000257358124589 ], [ 0.000693786171598, 0.000257358420617 ], [ 0.000693786219788, 0.000257358420617 ], [ 0.000693786219788, 0.000257358674355 ], [ 0.000693786267977, 0.000257358674355 ], [ 0.000693786267977, 0.000257358716645 ] ] ] } },
{ "type": "Feature", "properties": { "value": 40.0, "area_m2": 6.6670308957296314e-09 }, "geometry": { "type": "Polygon", "coordinates": [ [ [ 0.000693769739017, 0.000257358547486 ], [ 0.000693769931775, 0.000257358547486 ], [ 0.000693769931775, 0.000257358462906 ], [ 0.000693769979964, 0.000257358462906 ], [ 0.000693769979964, 0.000257358251458 ], [ 0.000693770028154, 0.000257358251458 ], [ 0.000693770028154, 0.000257358082299 ], [ 0.000693770076343, 0.000257358082299 ], [ 0.000693770076343, 0.00025735791314 ], [ 0.000693770028154, 0.00025735791314 ], [ 0.000693770028154, 0.00025735787085 ], [ 0.000693769979964, 0.00025735787085 ], [ 0.000693769979964, 0.000257357828561 ], [ 0.000693769883586, 0.000257357828561 ], [ 0.000693769883586, 0.000257357786271 ], [ 0.000693769739017, 0.000257357786271 ], [ 0.000693769739017, 0.000257357743981 ], [ 0.000693769353502, 0.000257357743981 ], [ 0.000693769353502, 0.000257357786271 ], [ 0.000693769257124, 0.000257357786271 ], [ 0.000693769257124, 0.00025735787085 ], [ 0.000693769208934, 0.00025735787085 ], [ 0.000693769208934, 0.000257358040009 ], [ 0.000693769160745, 0.000257358040009 ], [ 0.000693769160745, 0.000257358209168 ], [ 0.000693769208934, 0.000257358209168 ], [ 0.000693769208934, 0.000257358293748 ], [ 0.000693769305313, 0.000257358293748 ], [ 0.000693769305313, 0.000257358336037 ], [ 0.000693769401692, 0.000257358336037 ], [ 0.000693769401692, 0.000257358378327 ], [ 0.00069376954626, 0.000257358378327 ], [ 0.00069376954626, 0.000257358420617 ], [ 0.000693769642639, 0.000257358420617 ], [ 0.000693769642639, 0.000257358462906 ], [ 0.000693769690828, 0.000257358462906 ], [ 0.000693769690828, 0.000257358505196 ], [ 0.000693769739017, 0.000257358505196 ], [ 0.000693769739017, 0.000257358547486 ] ] ] } },
{ "type": "Feature", "properties": { "value": 22.0, "area_m2": 5.2023044111161894e-09 }, "geometry": { "type": "Polygon", "coordinates": [ [ [ 0.000693798218945, 0.000257358082299 ], [ 0.000693798411703, 0.000257358082299 ], [ 0.000693798411703, 0.000257358040009 ], [ 0.000693798893597, 0.000257358040009 ], [ 0.000693798893597, 0.00025735799772 ], [ 0.000693798941786, 0.00025735799772 ], [ 0.000693798941786, 0.000257357659402 ], [ 0.000693798893597, 0.000257357659402 ], [ 0.000693798893597, 0.000257357574822 ], [ 0.000693798797218, 0.000257357574822 ], [ 0.000693798797218, 0.000257357532533 ], [ 0.00069379865265, 0.000257357532533 ], [ 0.00069379865265, 0.000257357490243 ], [ 0.00069379860446, 0.000257357490243 ], [ 0.00069379860446, 0.000257357532533 ], [ 0.000693798556271, 0.000257357532533 ], [ 0.000693798556271, 0.000257357490243 ], [ 0.000693798315324, 0.000257357490243 ], [ 0.000693798315324, 0.000257357532533 ], [ 0.000693798170756, 0.000257357532533 ], [ 0.000693798170756, 0.000257357574822 ], [ 0.000693798122566, 0.000257357574822 ], [ 0.000693798122566, 0.00025735799772 ], [ 0.000693798170756, 0.00025735799772 ], [ 0.000693798170756, 0.000257358040009 ], [ 0.000693798218945, 0.000257358040009 ], [ 0.000693798218945, 0.000257358082299 ] ] ] } },
{ "type": "Feature", "properties": { "value": 37.0, "area_m2": 5.8589059386252925e-09 }, "geometry": { "type": "Polygon", "coordinates": [ [ [ 0.000693770654616, 0.000257358462906 ], [ 0.000693771040131, 0.000257358462906 ], [ 0.000693771040131, 0.000257358420617 ], [ 0.000693771184699, 0.000257358420617 ], [ 0.000693771184699, 0.000257358378327 ], [ 0.000693771232888, 0.000257358378327 ], [ 0.000693771232888, 0.000257358209168 ], [ 0.000693771184699, 0.000257358209168 ], [ 0.000693771184699, 0.000257357701692 ], [ 0.00069377113651, 0.000257357701692 ], [ 0.00069377113651, 0.000257357574822 ], [ 0.00069377108832, 0.000257357574822 ], [ 0.00069377108832, 0.000257357532533 ], [ 0.000693771040131, 0.000257357532533 ], [ 0.000693771040131, 0.000257357490243 ], [ 0.000693770991941, 0.000257357490243 ], [ 0.000693770991941, 0.000257357532533 ], [ 0.000693770799184, 0.000257357532533 ], [ 0.000693770799184, 0.000257357574822 ], [ 0.000693770702805, 0.000257357574822 ], [ 0.000693770702805, 0.000257357617112 ], [ 0.000693770654616, 0.000257357617112 ], [ 0.000693770654616, 0.00025735787085 ], [ 0.000693770702805, 0.00025735787085 ], [ 0.000693770702805, 0.00025735799772 ], [ 0.000693770654616, 0.00025735799772 ], [ 0.000693770654616, 0.000257358462906 ] ] ] } },
{ "type": "Feature", "properties": { "value": 93.0, "area_m2": 2.5253904897599191e-11 }, "geometry": { "type": "Polygon", "coordinates": [ [ [ 0.000693803616157, 0.000257357363374 ], [ 0.000693803664346, 0.000257357363374 ], [ 0.000693803664346, 0.000257357321084 ], [ 0.000693803616157, 0.000257357321084 ], [ 0.000693803616157, 0.000257357363374 ] ] ] } },
{ "type": "Feature", "properties": { "value": 93.0, "area_m2": 2.5253904916657432e-11 }, "geometry": { "type": "Polygon", "coordinates": [ [ [ 0.000693803230641, 0.000257357321084 ], [ 0.000693803278831, 0.000257357321084 ], [ 0.000693803278831, 0.000257357278795 ], [ 0.000693803230641, 0.000257357278795 ], [ 0.000693803230641, 0.000257357321084 ] ] ] } },
{ "type": "Feature", "properties": { "value": 122.0, "area_m2": 7.5761714723481342e-09 }, "geometry": { "type": "Polygon", "coordinates": [ [ [ 0.00069378607522, 0.00025735791314 ], [ 0.000693786123409, 0.00025735791314 ], [ 0.000693786123409, 0.00025735787085 ], [ 0.000693786316167, 0.00025735787085 ], [ 0.000693786316167, 0.000257357828561 ], [ 0.000693786749871, 0.000257357828561 ], [ 0.000693786749871, 0.000257357786271 ], [ 0.000693787279954, 0.000257357786271 ], [ 0.000693787279954, 0.000257357743981 ], [ 0.000693787087197, 0.000257357743981 ], [ 0.000693787087197, 0.000257357701692 ], [ 0.000693786990818, 0.000257357701692 ], [ 0.000693786990818, 0.000257357617112 ], [ 0.000693787039007, 0.000257357617112 ], [ 0.000693787039007, 0.000257357574822 ], [ 0.000693787135386, 0.000257357574822 ], [ 0.000693787135386, 0.000257357532533 ], [ 0.000693787183576, 0.000257357532533 ], [ 0.000693787183576, 0.000257357278795 ], [ 0.000693787135386, 0.000257357278795 ], [ 0.000693787135386, 0.000257357236505 ], [ 0.000693786557114, 0.000257357236505 ], [ 0.000693786557114, 0.000257357278795 ], [ 0.000693786364356, 0.000257357278795 ], [ 0.000693786364356, 0.000257357321084 ], [ 0.000693786219788, 0.000257357321084 ], [ 0.000693786219788, 0.000257357363374 ], [ 0.000693786123409, 0.000257357363374 ], [ 0.000693786123409, 0.000257357405664 ], [ 0.00069378607522, 0.000257357405664 ], [ 0.00069378607522, 0.000257357447953 ], [ 0.00069378602703, 0.000257357447953 ], [ 0.00069378602703, 0.000257357532533 ], [ 0.000693785978841, 0.000257357532533 ], [ 0.000693785978841, 0.000257357743981 ], [ 0.00069378602703, 0.000257357743981 ], [ 0.00069378602703, 0.000257357828561 ], [ 0.00069378607522, 0.000257357828561 ], [ 0.00069378607522, 0.00025735791314 ] ] ] } },
{ "type": "Feature", "properties": { "value": 37.0, "area_m2": 4.5457028832830961e-10 }, "geometry": { "type": "Polygon", "coordinates": [ [ [ 0.000693770750995, 0.000257357405664 ], [ 0.000693770847373, 0.000257357405664 ], [ 0.000693770847373, 0.000257357363374 ], [ 0.000693770943752, 0.000257357363374 ], [ 0.000693770943752, 0.000257357321084 ], [ 0.000693770991941, 0.000257357321084 ], [ 0.000693770991941, 0.000257357236505 ], [ 0.000693770943752, 0.000257357236505 ], [ 0.000693770943752, 0.000257357194215 ], [ 0.000693770847373, 0.000257357194215 ], [ 0.000693770847373, 0.000257357236505 ], [ 0.000693770750995, 0.000257357236505 ], [ 0.000693770750995, 0.000257357405664 ] ] ] } },
{ "type": "Feature", "properties": { "value": 73.0, "area_m2": 9.8742768188682232e-09 }, "geometry": { "type": "Polygon", "coordinates": [ [ [ 0.000693782075501, 0.00025735795543 ], [ 0.000693782557394, 0.00025735795543 ], [ 0.000693782557394, 0.00025735791314 ], [ 0.000693782846531, 0.00025735791314 ], [ 0.000693782846531, 0.00025735787085 ], [ 0.00069378289472, 0.00025735787085 ], [ 0.00069378289472, 0.000257357828561 ], [ 0.000693782942909, 0.000257357828561 ], [ 0.000693782942909, 0.000257357743981 ], [ 0.000693782991099, 0.000257357743981 ], [ 0.000693782991099, 0.000257357659402 ], [ 0.000693783039288, 0.000257357659402 ], [ 0.000693783039288, 0.000257357278795 ], [ 0.000693782991099, 0.000257357278795 ], [ 0.000693782991099, 0.000257357236505 ], [ 0.00069378289472, 0.000257357236505 ], [ 0.00069378289472, 0.000257357194215 ], [ 0.000693782605584, 0.000257357194215 ], [ 0.000693782605584, 0.000257357151925 ], [ 0.000693781979122, 0.000257357151925 ], [ 0.000693781979122, 0.000257357194215 ], [ 0.000693781930932, 0.000257357194215 ], [ 0.000693781930932, 0.000257357743981 ], [ 0.000693781979122, 0.000257357743981 ], [ 0.000693781979122, 0.000257357828561 ], [ 0.000693782027311, 0.000257357828561 ], [ 0.000693782027311, 0.00025735791314 ], [ 0.000693782075501, 0.00025735791314 ], [ 0.000693782075501, 0.00025735795543 ] ] ] } },
{ "type": "Feature", "properties": { "value": 52.0, "area_m2": 7.8034566165408764e-09 }, "geometry": { "type": "Polygon", "coordinates": [ [ [ 0.000693788966583, 0.00025735791314 ], [ 0.00069378920753, 0.00025735791314 ], [ 0.00069378920753, 0.00025735787085 ], [ 0.000693789303909, 0.00025735787085 ], [ 0.000693789303909, 0.000257357828561 ], [ 0.000693789352098, 0.000257357828561 ], [ 0.000693789352098, 0.000257357786271 ], [ 0.000693789400287, 0.000257357786271 ], [ 0.000693789400287, 0.000257357743981 ], [ 0.000693789448477, 0.000257357743981 ], [ 0.000693789448477, 0.000257357532533 ], [ 0.000693789496666, 0.000257357532533 ], [ 0.000693789496666, 0.000257357151925 ], [ 0.000693789448477, 0.000257357151925 ], [ 0.000693789448477, 0.000257357025056 ], [ 0.000693789400287, 0.000257357025056 ], [ 0.000693789400287, 0.000257356982767 ], [ 0.000693789352098, 0.000257356982767 ], [ 0.000693789352098, 0.000257356940477 ], [ 0.000693789255719, 0.000257356940477 ], [ 0.000693789255719, 0.000257356898187 ], [ 0.000693789062962, 0.000257356898187 ], [ 0.000693789062962, 0.000257356940477 ], [ 0.000693788822015, 0.000257356940477 ], [ 0.000693788822015, 0.000257356982767 ], [ 0.000693788773825, 0.000257356982767 ], [ 0.000693788773825, 0.000257357701692 ], [ 0.000693788822015, 0.000257357701692 ], [ 0.000693788822015, 0.000257357786271 ], [ 0.000693788870204, 0.000257357786271 ], [ 0.000693788870204, 0.000257357828561 ], [ 0.000693788918393, 0.000257357828561 ], [ 0.000693788918393, 0.00025735787085 ], [ 0.000693788966583, 0.00025735787085 ], [ 0.000693788966583, 0.00025735791314 ] ] ] } },
{ "type": "Feature", "properties": { "value": 86.0, "area_m2": 1.1136972064491454e-08 }, "geometry": { "type": "Polygon", "coordinates": [ [ [ 0.000693768630662, 0.00025735795543 ], [ 0.000693768967987, 0.00025735795543 ], [ 0.000693768967987, 0.00025735787085 ], [ 0.000693769016177, 0.00025735787085 ], [ 0.000693769016177, 0.000257357743981 ], [ 0.000693769064366, 0.000257357743981 ], [ 0.000693769064366, 0.000257357574822 ], [ 0.000693769112555, 0.000257357574822 ], [ 0.000693769112555, 0.000257357490243 ], [ 0.000693769160745, 0.000257357490243 ], [ 0.000693769160745, 0.000257357363374 ], [ 0.000693769208934, 0.000257357363374 ], [ 0.000693769208934, 0.000257357236505 ], [ 0.000693769257124, 0.000257357236505 ], [ 0.000693769257124, 0.000257356898187 ], [ 0.000693769208934, 0.000257356898187 ], [ 0.000693769208934, 0.000257356855897 ], [ 0.000693769160745, 0.000257356855897 ], [ 0.000693769160745, 0.000257356813608 ], [ 0.000693768437904, 0.000257356813608 ], [ 0.000693768437904, 0.000257356855897 ], [ 0.000693768389715, 0.000257356855897 ], [ 0.000693768389715, 0.000257356898187 ], [ 0.000693768341525, 0.000257356898187 ], [ 0.000693768341525, 0.000257356940477 ], [ 0.000693768293336, 0.000257356940477 ], [ 0.000693768293336, 0.000257357194215 ], [ 0.000693768245146, 0.000257357194215 ], [ 0.000693768245146, 0.000257357363374 ], [ 0.000693768293336, 0.000257357363374 ], [ 0.000693768293336, 0.000257357574822 ], [ 0.000693768341525, 0.000257357574822 ], [ 0.000693768341525, 0.000257357659402 ], [ 0.000693768389715, 0.000257357659402 ], [ 0.000693768389715, 0.000257357701692 ], [ 0.000693768486093, 0.000257357701692 ], [ 0.000693768486093, 0.000257357743981 ], [ 0.000693768534283, 0.000257357743981 ], [ 0.000693768534283, 0.00025735787085 ], [ 0.000693768582472, 0.00025735787085 ], [ 0.000693768582472, 0.00025735791314 ], [ 0.000693768630662, 0.00025735791314 ], [ 0.000693768630662, 0.00025735795543 ] ] ] } },
{ "type": "Feature", "properties": { "value": 13.0, "area_m2": 3.8385935461122023e-09 }, "geometry": { "type": "Polygon", "coordinates": [ [ [ 0.000693780147925, 0.000257357278795 ], [ 0.000693780388872, 0.000257357278795 ], [ 0.000693780388872, 0.000257357236505 ], [ 0.000693780437061, 0.000257357236505 ], [ 0.000693780437061, 0.000257357194215 ], [ 0.00069378053344, 0.000257357194215 ], [ 0.00069378053344, 0.000257356729028 ], [ 0.000693780485251, 0.000257356729028 ], [ 0.000693780485251, 0.000257356686739 ], [ 0.000693780051546, 0.000257356686739 ], [ 0.000693780051546, 0.000257356729028 ], [ 0.000693780003357, 0.000257356729028 ], [ 0.000693780003357, 0.000257356771318 ], [ 0.000693779955167, 0.000257356771318 ], [ 0.000693779955167, 0.000257357151925 ], [ 0.000693780003357, 0.000257357151925 ], [ 0.000693780003357, 0.000257357194215 ], [ 0.000693780051546, 0.000257357194215 ], [ 0.000693780051546, 0.000257357236505 ], [ 0.000693780147925, 0.000257357236505 ], [ 0.000693780147925, 0.000257357278795 ] ] ] } },
{ "type": "Feature", "properties": { "value": 93.0, "area_m2": 5.0002731718019881e-09 }, "geometry": { "type": "Polygon", "coordinates": [ [ [ 0.000693802845126, 0.000257357278795 ], [ 0.000693803230641, 0.000257357278795 ], [ 0.000693803230641, 0.000257357194215 ], [ 0.000693803182452, 0.000257357194215 ], [ 0.000693803182452, 0.000257357109636 ], [ 0.000693803134263, 0.000257357109636 ], [ 0.000693803134263, 0.000257357025056 ], [ 0.000693803086073, 0.000257357025056 ], [ 0.000693803086073, 0.000257356982767 ], [ 0.000693803037884, 0.000257356982767 ], [ 0.000693803037884, 0.000257356729028 ], [ 0.000693802989695, 0.000257356729028 ], [ 0.000693802989695, 0.000257356602159 ], [ 0.000693803037884, 0.000257356602159 ], [ 0.000693803037884, 0.000257356559869 ], [ 0.000693802941505, 0.000257356559869 ], [ 0.000693802941505, 0.000257356602159 ], [ 0.000693802893316, 0.000257356602159 ], [ 0.000693802893316, 0.000257356644449 ], [ 0.000693802700558, 0.000257356644449 ], [ 0.000693802700558, 0.000257356602159 ], [ 0.000693802459611, 0.000257356602159 ], [ 0.000693802459611, 0.000257356855897 ], [ 0.000693802411422, 0.000257356855897 ], [ 0.000693802411422, 0.000257357151925 ], [ 0.000693802459611, 0.000257357151925 ], [ 0.000693802459611, 0.000257357194215 ], [ 0.000693802796937, 0.000257357194215 ], [ 0.000693802796937, 0.000257357236505 ], [ 0.000693802845126, 0.000257357236505 ], [ 0.000693802845126, 0.000257357278795 ] ] ] } },
{ "type": "Feature", "properties": { "value": 44.0, "area_m2": 7.0710933743199174e-09 }, "geometry": { "type": "Polygon", "coordinates": [ [ [ 0.000693803664346, 0.000257357363374 ], [ 0.000693803808914, 0.000257357363374 ], [ 0.000693803808914, 0.00025735651758 ], [ 0.00069380332702, 0.00025735651758 ], [ 0.00069380332702, 0.000257356559869 ], [ 0.000693803037884, 0.000257356559869 ], [ 0.000693803037884, 0.000257356602159 ], [ 0.000693802989695, 0.000257356602159 ], [ 0.000693802989695, 0.000257356729028 ], [ 0.000693803037884, 0.000257356729028 ], [ 0.000693803037884, 0.000257356982767 ], [ 0.000693803086073, 0.000257356982767 ], [ 0.000693803086073, 0.000257357025056 ], [ 0.000693803134263, 0.000257357025056 ], [ 0.000693803134263, 0.000257357109636 ], [ 0.000693803182452, 0.000257357109636 ], [ 0.000693803182452, 0.000257357194215 ], [ 0.000693803230641, 0.000257357194215 ], [ 0.000693803230641, 0.000257357278795 ], [ 0.000693803278831, 0.000257357278795 ], [ 0.000693803278831, 0.000257357321084 ], [ 0.000693803664346, 0.000257357321084 ], [ 0.000693803664346, 0.000257357363374 ] ] ] } },
{ "type": "Feature", "properties": { "value": 93.0, "area_m2": 1.5152342949994459e-10 }, "geometry": { "type": "Polygon", "coordinates": [ [ [ 0.000693803037884, 0.000257356559869 ], [ 0.00069380332702, 0.000257356559869 ], [ 0.00069380332702, 0.00025735651758 ], [ 0.000693803037884, 0.00025735651758 ], [ 0.000693803037884, 0.000257356559869 ] ] ] } },
{ "type": "Feature", "properties": { "value": 20.0, "area_m2": 4.5962106932307604e-09 }, "geometry": { "type": "Polygon", "coordinates": [ [ [ 0.000693790460454, 0.000257357109636 ], [ 0.000693790701401, 0.000257357109636 ], [ 0.000693790701401, 0.000257357067346 ], [ 0.00069379079778, 0.000257357067346 ], [ 0.00069379079778, 0.000257357025056 ], [ 0.000693790845969, 0.000257357025056 ], [ 0.000693790845969, 0.000257356982767 ], [ 0.000693790942348, 0.000257356982767 ], [ 0.000693790942348, 0.000257356898187 ], [ 0.000693790990537, 0.000257356898187 ], [ 0.000693790990537, 0.00025735651758 ], [ 0.000693790942348, 0.00025735651758 ], [ 0.000693790942348, 0.00025735647529 ], [ 0.000693790894158, 0.00025735647529 ], [ 0.000693790894158, 0.000257356433 ], [ 0.00069379074959, 0.000257356433 ], [ 0.00069379074959, 0.000257356390711 ], [ 0.000693790653211, 0.000257356390711 ], [ 0.000693790653211, 0.000257356433 ], [ 0.000693790508643, 0.000257356433 ], [ 0.000693790508643, 0.00025735647529 ], [ 0.000693790412264, 0.00025735647529 ], [ 0.000693790412264, 0.00025735651758 ], [ 0.000693790364075, 0.00025735651758 ], [ 0.000693790364075, 0.000257356898187 ], [ 0.000693790412264, 0.000257356898187 ], [ 0.000693790412264, 0.000257357067346 ], [ 0.000693790460454, 0.000257357067346 ], [ 0.000693790460454, 0.000257357109636 ] ] ] } },
{ "type": "Feature", "properties": { "value": 45.0, "area_m2": 7.0710933741483932e-09 }, "geometry": { "type": "Polygon", "coordinates": [ [ [ 0.000693781159902, 0.000257357067346 ], [ 0.000693781786364, 0.000257357067346 ], [ 0.000693781786364, 0.000257357025056 ], [ 0.000693781882743, 0.000257357025056 ], [ 0.000693781882743, 0.000257356559869 ], [ 0.000693781834554, 0.000257356559869 ], [ 0.000693781834554, 0.000257356433 ], [ 0.000693781786364, 0.000257356433 ], [ 0.000693781786364, 0.000257356390711 ], [ 0.000693781689985, 0.000257356390711 ], [ 0.000693781689985, 0.000257356348421 ], [ 0.000693781400849, 0.000257356348421 ], [ 0.000693781400849, 0.000257356390711 ], [ 0.00069378135266, 0.000257356390711 ], [ 0.00069378135266, 0.000257356433 ], [ 0.00069378130447, 0.000257356433 ], [ 0.00069378130447, 0.00025735647529 ], [ 0.000693781256281, 0.00025735647529 ], [ 0.000693781256281, 0.00025735651758 ], [ 0.000693781159902, 0.00025735651758 ], [ 0.000693781159902, 0.00025735647529 ], [ 0.000693781015334, 0.00025735647529 ], [ 0.000693781015334, 0.00025735651758 ], [ 0.000693780967145, 0.00025735651758 ], [ 0.000693780967145, 0.000257356982767 ], [ 0.000693781015334, 0.000257356982767 ], [ 0.000693781015334, 0.000257357025056 ], [ 0.000693781159902, 0.000257357025056 ], [ 0.000693781159902, 0.000257357067346 ] ] ] } },
{ "type": "Feature", "properties": { "value": 11.0, "area_m2": 3.6365623067408263e-09 }, "geometry": { "type": "Polygon", "coordinates": [ [ [ 0.00069377185935, 0.000257356982767 ], [ 0.000693772052108, 0.000257356982767 ], [ 0.000693772052108, 0.000257356940477 ], [ 0.000693772148487, 0.000257356940477 ], [ 0.000693772148487, 0.000257356855897 ], [ 0.000693772196676, 0.000257356855897 ], [ 0.000693772196676, 0.000257356686739 ], [ 0.000693772244866, 0.000257356686739 ], [ 0.000693772244866, 0.000257356559869 ], [ 0.000693772196676, 0.000257356559869 ], [ 0.000693772196676, 0.000257356263841 ], [ 0.000693772148487, 0.000257356263841 ], [ 0.000693772148487, 0.000257356179262 ], [ 0.00069377190754, 0.000257356179262 ], [ 0.00069377190754, 0.000257356221552 ], [ 0.00069377185935, 0.000257356221552 ], [ 0.00069377185935, 0.000257356263841 ], [ 0.000693771811161, 0.000257356263841 ], [ 0.000693771811161, 0.000257356940477 ], [ 0.00069377185935, 0.000257356940477 ], [ 0.00069377185935, 0.000257356982767 ] ] ] } },
{ "type": "Feature", "properties": { "value": 32.0, "area_m2": 6.1114449877346921e-09 }, "geometry": { "type": "Polygon", "coordinates": [ [ [ 0.000693770847373, 0.000257356898187 ], [ 0.000693770991941, 0.000257356898187 ], [ 0.000693770991941, 0.000257356855897 ], [ 0.00069377113651, 0.000257356855897 ], [ 0.00069377113651, 0.000257356813608 ], [ 0.000693771184699, 0.000257356813608 ], [ 0.000693771184699, 0.000257356771318 ], [ 0.000693771232888, 0.000257356771318 ], [ 0.000693771232888, 0.000257356559869 ], [ 0.000693771281078, 0.000257356559869 ], [ 0.000693771281078, 0.00025735647529 ], [ 0.000693771232888, 0.00025735647529 ], [ 0.000693771232888, 0.000257356306131 ], [ 0.000693771184699, 0.000257356306131 ], [ 0.000693771184699, 0.000257356221552 ], [ 0.00069377113651, 0.000257356221552 ], [ 0.00069377113651, 0.000257356052393 ], [ 0.00069377108832, 0.000257356052393 ], [ 0.00069377108832, 0.000257355840944 ], [ 0.000693770991941, 0.000257355840944 ], [ 0.000693770991941, 0.000257355798655 ], [ 0.000693770895563, 0.000257355798655 ], [ 0.000693770895563, 0.000257355840944 ], [ 0.000693770799184, 0.000257355840944 ], [ 0.000693770799184, 0.000257355883234 ], [ 0.000693770750995, 0.000257355883234 ], [ 0.000693770750995, 0.000257355925524 ], [ 0.000693770702805, 0.000257355925524 ], [ 0.000693770702805, 0.000257356052393 ], [ 0.000693770654616, 0.000257356052393 ], [ 0.000693770654616, 0.000257356433 ], [ 0.000693770702805, 0.000257356433 ], [ 0.000693770702805, 0.000257356644449 ], [ 0.000693770750995, 0.000257356644449 ], [ 0.000693770750995, 0.000257356771318 ], [ 0.000693770799184, 0.000257356771318 ], [ 0.000693770799184, 0.000257356855897 ], [ 0.000693770847373, 0.000257356855897 ], [ 0.000693770847373, 0.000257356898187 ] ] ] } },
{ "type": "Feature", "properties": { "value": 16.0, "area_m2": 4.16689430980005e-09 }, "geometry": { "type": "Polygon", "coordinates": [ [ [ 0.000693780051546, 0.000257356348421 ], [ 0.00069378058163, 0.000257356348421 ], [ 0.00069378058163, 0.000257356306131 ], [ 0.000693780678008, 0.000257356306131 ], [ 0.000693780678008, 0.000257356136972 ], [ 0.000693780629819, 0.000257356136972 ], [ 0.000693780629819, 0.000257355925524 ], [ 0.00069378058163, 0.000257355925524 ], [ 0.00069378058163, 0.000257355840944 ], [ 0.000693780485251, 0.000257355840944 ], [ 0.000693780485251, 0.000257355798655 ], [ 0.000693780051546, 0.000257355798655 ], [ 0.000693780051546, 0.000257355840944 ], [ 0.000693780003357, 0.000257355840944 ], [ 0.000693780003357, 0.000257356306131 ], [ 0.000693780051546, 0.000257356306131 ], [ 0.000693780051546, 0.000257356348421 ] ] ] } },
{ "type": "Feature", "properties": { "value": 9.0, "area_m2": 3.4092771625862007e-09 }, "geometry": { "type": "Polygon", "coordinates": [ [ [ 0.000693776533721, 0.000257356221552 ], [ 0.000693777063804, 0.000257356221552 ], [ 0.000693777063804, 0.000257356179262 ], [ 0.000693777111994, 0.000257356179262 ], [ 0.000693777111994, 0.000257355925524 ], [ 0.000693777160183, 0.000257355925524 ], [ 0.000693777160183, 0.000257355840944 ], [ 0.000693777111994, 0.000257355840944 ], [ 0.000693777111994, 0.000257355798655 ], [ 0.000693777063804, 0.000257355798655 ], [ 0.000693777063804, 0.000257355756365 ], [ 0.000693776533721, 0.000257355756365 ], [ 0.000693776533721, 0.000257355798655 ], [ 0.000693776485532, 0.000257355798655 ], [ 0.000693776485532, 0.000257355925524 ], [ 0.000693776533721, 0.000257355925524 ], [ 0.000693776533721, 0.000257356221552 ] ] ] } },
{ "type": "Feature", "properties": { "value": 33.0, "area_m2": 6.1366988926322913e-09 }, "geometry": { "type": "Polygon", "coordinates": [ [ [ 0.000693769594449, 0.000257356433 ], [ 0.000693769787207, 0.000257356433 ], [ 0.000693769787207, 0.000257356390711 ], [ 0.000693769835396, 0.000257356390711 ], [ 0.000693769835396, 0.000257356348421 ], [ 0.000693769931775, 0.000257356348421 ], [ 0.000693769931775, 0.000257356306131 ], [ 0.000693769979964, 0.000257356306131 ], [ 0.000693769979964, 0.000257356263841 ], [ 0.000693770028154, 0.000257356263841 ], [ 0.000693770028154, 0.000257356221552 ], [ 0.000693770124533, 0.000257356221552 ], [ 0.000693770124533, 0.000257356179262 ], [ 0.000693770172722, 0.000257356179262 ], [ 0.000693770172722, 0.000257356136972 ], [ 0.000693770269101, 0.000257356136972 ], [ 0.000693770269101, 0.000257356094683 ], [ 0.00069377031729, 0.000257356094683 ], [ 0.00069377031729, 0.000257356052393 ], [ 0.000693770413669, 0.000257356052393 ], [ 0.000693770413669, 0.000257356010103 ], [ 0.000693770461858, 0.000257356010103 ], [ 0.000693770461858, 0.000257355967813 ], [ 0.000693770510048, 0.000257355967813 ], [ 0.000693770510048, 0.000257355756365 ], [ 0.000693770461858, 0.000257355756365 ], [ 0.000693770461858, 0.000257355714075 ], [ 0.000693770413669, 0.000257355714075 ], [ 0.000693770413669, 0.000257355671786 ], [ 0.00069377031729, 0.000257355671786 ], [ 0.00069377031729, 0.000257355714075 ], [ 0.000693770076343, 0.000257355714075 ], [ 0.000693770076343, 0.000257355756365 ], [ 0.000693769931775, 0.000257355756365 ], [ 0.000693769931775, 0.000257355798655 ], [ 0.000693769787207, 0.000257355798655 ], [ 0.000693769787207, 0.000257355840944 ], [ 0.000693769642639, 0.000257355840944 ], [ 0.000693769642639, 0.000257355883234 ], [ 0.00069376954626, 0.000257355883234 ], [ 0.00069376954626, 0.000257355925524 ], [ 0.000693769449881, 0.000257355925524 ], [ 0.000693769449881, 0.000257355967813 ], [ 0.000693769401692, 0.000257355967813 ], [ 0.000693769401692, 0.000257356094683 ], [ 0.000693769449881, 0.000257356094683 ], [ 0.000693769449881, 0.000257356179262 ], [ 0.00069376949807, 0.000257356179262 ], [ 0.00069376949807, 0.000257356306131 ], [ 0.00069376954626, 0.000257356306131 ], [ 0.00069376954626, 0.000257356390711 ], [ 0.000693769594449, 0.000257356390711 ], [ 0.000693769594449, 0.000257356433 ] ] ] } },
{ "type": "Feature", "properties": { "value": 117.0, "area_m2": 1.9521268493867694e-08 }, "geometry": { "type": "Polygon", "coordinates": [ [ [ 0.000693767763253, 0.00025735647529 ], [ 0.00069376795601, 0.00025735647529 ], [ 0.00069376795601, 0.000257356433 ], [ 0.000693768100578, 0.000257356433 ], [ 0.000693768100578, 0.000257356390711 ], [ 0.000693768196957, 0.000257356390711 ], [ 0.000693768196957, 0.000257356348421 ], [ 0.000693768341525, 0.000257356348421 ], [ 0.000693768341525, 0.000257356306131 ], [ 0.000693768389715, 0.000257356306131 ], [ 0.000693768389715, 0.000257356263841 ], [ 0.000693768437904, 0.000257356263841 ], [ 0.000693768437904, 0.000257356221552 ], [ 0.000693768486093, 0.000257356221552 ], [ 0.000693768486093, 0.000257356179262 ], [ 0.000693768582472, 0.000257356179262 ], [ 0.000693768582472, 0.000257356136972 ], [ 0.000693768630662, 0.000257356136972 ], [ 0.000693768630662, 0.000257356094683 ], [ 0.000693768678851, 0.000257356094683 ], [ 0.000693768678851, 0.000257356052393 ], [ 0.00069376872704, 0.000257356052393 ], [ 0.00069376872704, 0.000257355967813 ], [ 0.00069376877523, 0.000257355967813 ], [ 0.00069376877523, 0.000257355925524 ], [ 0.000693768823419, 0.000257355925524 ], [ 0.000693768823419, 0.000257355756365 ], [ 0.00069376877523, 0.000257355756365 ], [ 0.00069376877523, 0.000257355714075 ], [ 0.00069376872704, 0.000257355714075 ], [ 0.00069376872704, 0.000257355587206 ], [ 0.000693768678851, 0.000257355587206 ], [ 0.000693768678851, 0.000257355460337 ], [ 0.000693768630662, 0.000257355460337 ], [ 0.000693768630662, 0.000257355291178 ], [ 0.000693768582472, 0.000257355291178 ], [ 0.000693768582472, 0.000257355164309 ], [ 0.000693768486093, 0.000257355164309 ], [ 0.000693768486093, 0.000257355122019 ], [ 0.000693768389715, 0.000257355122019 ], [ 0.000693768389715, 0.00025735507973 ], [ 0.000693768341525, 0.00025735507973 ], [ 0.000693768341525, 0.00025735503744 ], [ 0.000693768245146, 0.00025735503744 ], [ 0.000693768245146, 0.00025735499515 ], [ 0.000693767859631, 0.00025735499515 ], [ 0.000693767859631, 0.00025735503744 ], [ 0.000693767618684, 0.00025735503744 ], [ 0.000693767618684, 0.00025735507973 ], [ 0.000693767474116, 0.00025735507973 ], [ 0.000693767474116, 0.000257355122019 ], [ 0.000693767425927, 0.000257355122019 ], [ 0.000693767425927, 0.000257355206599 ], [ 0.000693767377737, 0.000257355206599 ], [ 0.000693767377737, 0.000257355587206 ], [ 0.000693767425927, 0.000257355587206 ], [ 0.000693767425927, 0.000257355714075 ], [ 0.000693767474116, 0.000257355714075 ], [ 0.000693767474116, 0.000257355840944 ], [ 0.000693767522306, 0.000257355840944 ], [ 0.000693767522306, 0.000257356010103 ], [ 0.000693767570495, 0.000257356010103 ], [ 0.000693767570495, 0.000257356221552 ], [ 0.000693767618684, 0.000257356221552 ], [ 0.000693767618684, 0.000257356348421 ], [ 0.000693767666874, 0.000257356348421 ], [ 0.000693767666874, 0.000257356433 ], [ 0.000693767763253, 0.000257356433 ], [ 0.000693767763253, 0.00025735647529 ] ] ] } },
{ "type": "Feature", "properties": { "value": 97.0, "area_m2": 1.3283553981664065e-08 }, "geometry": { "type": "Polygon", "coordinates": [ [ [ 0.000693788677447, 0.000257356136972 ], [ 0.000693788822015, 0.000257356136972 ], [ 0.000693788822015, 0.000257356094683 ], [ 0.00069378915934, 0.000257356094683 ], [ 0.00069378915934, 0.000257356052393 ], [ 0.000693789255719, 0.000257356052393 ], [ 0.000693789255719, 0.000257356010103 ], [ 0.000693789352098, 0.000257356010103 ], [ 0.000693789352098, 0.000257355460337 ], [ 0.000693789303909, 0.000257355460337 ], [ 0.000693789303909, 0.000257355164309 ], [ 0.000693789255719, 0.000257355164309 ], [ 0.000693789255719, 0.000257354910571 ], [ 0.00069378920753, 0.000257354910571 ], [ 0.00069378920753, 0.000257354825991 ], [ 0.00069378915934, 0.000257354825991 ], [ 0.00069378915934, 0.000257354783702 ], [ 0.000693789014772, 0.000257354783702 ], [ 0.000693789014772, 0.000257354741412 ], [ 0.000693788677447, 0.000257354741412 ], [ 0.000693788677447, 0.000257354783702 ], [ 0.000693788581068, 0.000257354783702 ], [ 0.000693788581068, 0.000257354825991 ], [ 0.000693788532878, 0.000257354825991 ], [ 0.000693788532878, 0.000257354868281 ], [ 0.000693788484689, 0.000257354868281 ], [ 0.000693788484689, 0.000257355925524 ], [ 0.000693788532878, 0.000257355925524 ], [ 0.000693788532878, 0.000257356094683 ], [ 0.000693788677447, 0.000257356094683 ], [ 0.000693788677447, 0.000257356136972 ] ] ] } },
{ "type": "Feature", "properties": { "value": 26.0, "area_m2": 5.6063668895730676e-09 }, "geometry": { "type": "Polygon", "coordinates": [ [ [ 0.000693775521744, 0.00025735507973 ], [ 0.00069377581088, 0.00025735507973 ], [ 0.00069377581088, 0.00025735503744 ], [ 0.000693776244585, 0.00025735503744 ], [ 0.000693776244585, 0.00025735499515 ], [ 0.000693776340963, 0.00025735499515 ], [ 0.000693776340963, 0.000257354783702 ], [ 0.000693776292774, 0.000257354783702 ], [ 0.000693776292774, 0.000257354699122 ], [ 0.000693776244585, 0.000257354699122 ], [ 0.000693776244585, 0.000257354614543 ], [ 0.000693776196395, 0.000257354614543 ], [ 0.000693776196395, 0.000257354572253 ], [ 0.000693776148206, 0.000257354572253 ], [ 0.000693776148206, 0.000257354529963 ], [ 0.000693776100017, 0.000257354529963 ], [ 0.000693776100017, 0.000257354487674 ], [ 0.000693775666312, 0.000257354487674 ], [ 0.000693775666312, 0.000257354529963 ], [ 0.000693775521744, 0.000257354529963 ], [ 0.000693775521744, 0.000257354572253 ], [ 0.000693775425365, 0.000257354572253 ], [ 0.000693775425365, 0.000257354868281 ], [ 0.000693775473554, 0.000257354868281 ], [ 0.000693775473554, 0.00025735503744 ], [ 0.000693775521744, 0.00025735503744 ], [ 0.000693775521744, 0.00025735507973 ] ] ] } },
{ "type": "Feature", "properties": { "value": 121.0, "area_m2": 2.0884979358986031e-08 }, "geometry": { "type": "Polygon", "coordinates": [ [ [ 0.000693777738456, 0.000257355840944 ], [ 0.000693777786645, 0.000257355840944 ], [ 0.000693777786645, 0.000257355798655 ], [ 0.000693777883024, 0.000257355798655 ], [ 0.000693777883024, 0.000257355840944 ], [ 0.00069377817216, 0.000257355840944 ], [ 0.00069377817216, 0.000257355798655 ], [ 0.000693778316728, 0.000257355798655 ], [ 0.000693778316728, 0.000257355756365 ], [ 0.000693778364918, 0.000257355756365 ], [ 0.000693778364918, 0.000257355333468 ], [ 0.000693778316728, 0.000257355333468 ], [ 0.000693778316728, 0.000257355206599 ], [ 0.000693778268539, 0.000257355206599 ], [ 0.000693778268539, 0.00025735495286 ], [ 0.00069377822035, 0.00025735495286 ], [ 0.00069377822035, 0.000257354656832 ], [ 0.00069377817216, 0.000257354656832 ], [ 0.00069377817216, 0.000257354403094 ], [ 0.000693778123971, 0.000257354403094 ], [ 0.000693778123971, 0.000257354318515 ], [ 0.000693778075781, 0.000257354318515 ], [ 0.000693778075781, 0.000257354233935 ], [ 0.000693777979403, 0.000257354233935 ], [ 0.000693777979403, 0.000257354191646 ], [ 0.000693777738456, 0.000257354191646 ], [ 0.000693777738456, 0.000257354233935 ], [ 0.000693777545698, 0.000257354233935 ], [ 0.000693777545698, 0.000257354276225 ], [ 0.00069377740113, 0.000257354276225 ], [ 0.00069377740113, 0.000257354318515 ], [ 0.000693777208372, 0.000257354318515 ], [ 0.000693777208372, 0.000257354360804 ], [ 0.000693777111994, 0.000257354360804 ], [ 0.000693777111994, 0.000257354403094 ], [ 0.000693777063804, 0.000257354403094 ], [ 0.000693777063804, 0.000257354741412 ], [ 0.000693777111994, 0.000257354741412 ], [ 0.000693777111994, 0.00025735499515 ], [ 0.000693777160183, 0.00025735499515 ], [ 0.000693777160183, 0.000257355248888 ], [ 0.000693777208372, 0.000257355248888 ], [ 0.000693777208372, 0.000257355502627 ], [ 0.000693777256562, 0.000257355502627 ], [ 0.000693777256562, 0.000257355671786 ], [ 0.000693777352941, 0.000257355671786 ], [ 0.000693777352941, 0.000257355714075 ], [ 0.000693777545698, 0.000257355714075 ], [ 0.000693777545698, 0.000257355756365 ], [ 0.000693777642077, 0.000257355756365 ], [ 0.000693777642077, 0.000257355798655 ], [ 0.000693777738456, 0.000257355798655 ], [ 0.000693777738456, 0.000257355840944 ] ] ] } },
{ "type": "Feature", "properties": { "value": 83.0, "area_m2": 1.0808671300708315e-08 }, "geometry": { "type": "Polygon", "coordinates": [ [ [ 0.000693767281359, 0.00025735503744 ], [ 0.000693767377737, 0.00025735503744 ], [ 0.000693767377737, 0.00025735499515 ], [ 0.000693767618684, 0.00025735499515 ], [ 0.000693767618684, 0.00025735495286 ], [ 0.000693767715063, 0.00025735495286 ], [ 0.000693767715063, 0.000257354910571 ], [ 0.000693767811442, 0.000257354910571 ], [ 0.000693767811442, 0.000257354868281 ], [ 0.000693767907821, 0.000257354868281 ], [ 0.000693767907821, 0.000257354825991 ], [ 0.00069376795601, 0.000257354825991 ], [ 0.00069376795601, 0.000257354783702 ], [ 0.000693768148768, 0.000257354783702 ], [ 0.000693768148768, 0.000257354741412 ], [ 0.000693768341525, 0.000257354741412 ], [ 0.000693768341525, 0.000257354699122 ], [ 0.000693768582472, 0.000257354699122 ], [ 0.000693768582472, 0.000257354656832 ], [ 0.00069376872704, 0.000257354656832 ], [ 0.00069376872704, 0.000257354614543 ], [ 0.00069376877523, 0.000257354614543 ], [ 0.00069376877523, 0.000257354572253 ], [ 0.000693768823419, 0.000257354572253 ], [ 0.000693768823419, 0.000257354403094 ], [ 0.00069376877523, 0.000257354403094 ], [ 0.00069376877523, 0.000257354360804 ], [ 0.00069376872704, 0.000257354360804 ], [ 0.00069376872704, 0.000257354318515 ], [ 0.000693768678851, 0.000257354318515 ], [ 0.000693768678851, 0.000257354233935 ], [ 0.000693768630662, 0.000257354233935 ], [ 0.000693768630662, 0.000257354191646 ], [ 0.000693768486093, 0.000257354191646 ], [ 0.000693768486093, 0.000257354149356 ], [ 0.000693768245146, 0.000257354149356 ], [ 0.000693768245146, 0.000257354191646 ], [ 0.000693768004199, 0.000257354191646 ], [ 0.000693768004199, 0.000257354233935 ], [ 0.000693767811442, 0.000257354233935 ], [ 0.000693767811442, 0.000257354276225 ], [ 0.000693767715063, 0.000257354276225 ], [ 0.000693767715063, 0.000257354318515 ], [ 0.000693767618684, 0.000257354318515 ], [ 0.000693767618684, 0.000257354360804 ], [ 0.000693767522306, 0.000257354360804 ], [ 0.000693767522306, 0.000257354403094 ], [ 0.000693767377737, 0.000257354403094 ], [ 0.000693767377737, 0.000257354445384 ], [ 0.000693767329548, 0.000257354445384 ], [ 0.000693767329548, 0.000257354487674 ], [ 0.000693767281359, 0.000257354487674 ], [ 0.000693767281359, 0.000257354572253 ], [ 0.000693767233169, 0.000257354572253 ], [ 0.000693767233169, 0.000257354741412 ], [ 0.00069376718498, 0.000257354741412 ], [ 0.00069376718498, 0.000257354910571 ], [ 0.000693767233169, 0.000257354910571 ], [ 0.000693767233169, 0.00025735499515 ], [ 0.000693767281359, 0.00025735499515 ], [ 0.000693767281359, 0.00025735503744 ] ] ] } },
{ "type": "Feature", "properties": { "value": 29.0, "area_m2": 5.8083981288491524e-09 }, "geometry": { "type": "Polygon", "coordinates": [ [ [ 0.00069377894319, 0.000257354699122 ], [ 0.000693779039569, 0.000257354699122 ], [ 0.000693779039569, 0.000257354656832 ], [ 0.000693779087759, 0.000257354656832 ], [ 0.000693779087759, 0.000257353895618 ], [ 0.000693779039569, 0.000257353895618 ], [ 0.000693779039569, 0.000257353853328 ], [ 0.000693778798622, 0.000257353853328 ], [ 0.000693778798622, 0.000257353895618 ], [ 0.000693778654054, 0.000257353895618 ], [ 0.000693778654054, 0.000257353937907 ], [ 0.000693778557675, 0.000257353937907 ], [ 0.000693778557675, 0.000257353980197 ], [ 0.000693778509486, 0.000257353980197 ], [ 0.000693778509486, 0.000257354022487 ], [ 0.000693778461296, 0.000257354022487 ], [ 0.000693778461296, 0.000257354529963 ], [ 0.000693778509486, 0.000257354529963 ], [ 0.000693778509486, 0.000257354614543 ], [ 0.000693778557675, 0.000257354614543 ], [ 0.000693778557675, 0.000257354656832 ], [ 0.00069377894319, 0.000257354656832 ], [ 0.00069377894319, 0.000257354699122 ] ] ] } },
{ "type": "Feature", "properties": { "value": 7.0, "area_m2": 3.2830076381172629e-09 }, "geometry": { "type": "Polygon", "coordinates": [ [ [ 0.000693802025907, 0.000257354064776 ], [ 0.000693802411422, 0.000257354064776 ], [ 0.000693802411422, 0.000257354022487 ], [ 0.000693802604179, 0.000257354022487 ], [ 0.000693802604179, 0.000257353980197 ], [ 0.000693802748748, 0.000257353980197 ], [ 0.000693802748748, 0.000257353768749 ], [ 0.000693802652369, 0.000257353768749 ], [ 0.000693802652369, 0.000257353726459 ], [ 0.000693801881339, 0.000257353726459 ], [ 0.000693801881339, 0.000257353853328 ], [ 0.000693801833149, 0.000257353853328 ], [ 0.000693801833149, 0.000257353895618 ], [ 0.000693801881339, 0.000257353895618 ], [ 0.000693801881339, 0.000257354022487 ], [ 0.000693802025907, 0.000257354022487 ], [ 0.000693802025907, 0.000257354064776 ] ] ] } },
{ "type": "Feature", "properties": { "value": 119.0, "area_m2": 2.0102108306969874e-08 }, "geometry": { "type": "Polygon", "coordinates": [ [ [ 0.000693794942067, 0.000257354910571 ], [ 0.000693795568529, 0.000257354910571 ], [ 0.000693795568529, 0.000257354868281 ], [ 0.000693795664908, 0.000257354868281 ], [ 0.000693795664908, 0.000257354741412 ], [ 0.000693795713097, 0.000257354741412 ], [ 0.000693795713097, 0.000257354699122 ], [ 0.000693796532317, 0.000257354699122 ], [ 0.000693796532317, 0.000257354656832 ], [ 0.000693796580506, 0.000257354656832 ], [ 0.000693796580506, 0.000257354572253 ], [ 0.000693796628695, 0.000257354572253 ], [ 0.000693796628695, 0.000257354318515 ], [ 0.000693796580506, 0.000257354318515 ], [ 0.000693796580506, 0.000257354022487 ], [ 0.000693796098612, 0.000257354022487 ], [ 0.000693796098612, 0.000257353980197 ], [ 0.000693795857665, 0.000257353980197 ], [ 0.000693795857665, 0.000257353937907 ], [ 0.000693795761286, 0.000257353937907 ], [ 0.000693795761286, 0.000257353895618 ], [ 0.000693795713097, 0.000257353895618 ], [ 0.000693795713097, 0.000257353853328 ], [ 0.000693795664908, 0.000257353853328 ], [ 0.000693795664908, 0.000257353811038 ], [ 0.000693795616718, 0.000257353811038 ], [ 0.000693795616718, 0.000257353768749 ], [ 0.000693795568529, 0.000257353768749 ], [ 0.000693795568529, 0.000257353726459 ], [ 0.00069379547215, 0.000257353726459 ], [ 0.00069379547215, 0.000257353684169 ], [ 0.000693794990256, 0.000257353684169 ], [ 0.000693794990256, 0.000257353726459 ], [ 0.000693794893877, 0.000257353726459 ], [ 0.000693794893877, 0.000257353980197 ], [ 0.000693794845688, 0.000257353980197 ], [ 0.000693794845688, 0.000257354487674 ], [ 0.000693794893877, 0.000257354487674 ], [ 0.000693794893877, 0.000257354572253 ], [ 0.000693794845688, 0.000257354572253 ], [ 0.000693794845688, 0.000257354825991 ], [ 0.000693794893877, 0.000257354825991 ], [ 0.000693794893877, 0.000257354868281 ], [ 0.000693794942067, 0.000257354868281 ], [ 0.000693794942067, 0.000257354910571 ] ] ] } },
{ "type": "Feature", "properties": { "value": 110.0, "area_m2": 1.6389784285440958e-08 }, "geometry": { "type": "Polygon", "coordinates": [ [ [ 0.000693771618404, 0.00025735499515 ], [ 0.000693771666593, 0.00025735499515 ], [ 0.000693771666593, 0.00025735495286 ], [ 0.000693771811161, 0.00025735495286 ], [ 0.000693771811161, 0.000257354910571 ], [ 0.00069377190754, 0.000257354910571 ], [ 0.00069377190754, 0.000257354868281 ], [ 0.000693771955729, 0.000257354868281 ], [ 0.000693771955729, 0.000257354825991 ], [ 0.000693772003919, 0.000257354825991 ], [ 0.000693772003919, 0.000257354783702 ], [ 0.000693772052108, 0.000257354783702 ], [ 0.000693772052108, 0.000257354614543 ], [ 0.000693772100297, 0.000257354614543 ], [ 0.000693772100297, 0.000257354529963 ], [ 0.000693772148487, 0.000257354529963 ], [ 0.000693772148487, 0.000257353980197 ], [ 0.000693772100297, 0.000257353980197 ], [ 0.000693772100297, 0.000257353853328 ], [ 0.000693772052108, 0.000257353853328 ], [ 0.000693772052108, 0.000257353726459 ], [ 0.000693772003919, 0.000257353726459 ], [ 0.000693772003919, 0.000257353684169 ], [ 0.000693771811161, 0.000257353684169 ], [ 0.000693771811161, 0.000257353726459 ], [ 0.000693771714782, 0.000257353726459 ], [ 0.000693771714782, 0.000257353768749 ], [ 0.000693771618404, 0.000257353768749 ], [ 0.000693771618404, 0.000257353811038 ], [ 0.000693771377457, 0.000257353811038 ], [ 0.000693771377457, 0.000257353853328 ], [ 0.00069377113651, 0.000257353853328 ], [ 0.00069377113651, 0.000257353895618 ], [ 0.000693771040131, 0.000257353895618 ], [ 0.000693771040131, 0.000257353937907 ], [ 0.000693770943752, 0.000257353937907 ], [ 0.000693770943752, 0.000257353980197 ], [ 0.000693770847373, 0.000257353980197 ], [ 0.000693770847373, 0.000257354064776 ], [ 0.000693770895563, 0.000257354064776 ], [ 0.000693770895563, 0.000257354191646 ], [ 0.000693770943752, 0.000257354191646 ], [ 0.000693770943752, 0.000257354318515 ], [ 0.000693770895563, 0.000257354318515 ], [ 0.000693770895563, 0.000257354699122 ], [ 0.000693770943752, 0.000257354699122 ], [ 0.000693770943752, 0.000257354783702 ], [ 0.000693770991941, 0.000257354783702 ], [ 0.000693770991941, 0.000257354868281 ], [ 0.000693771040131, 0.000257354868281 ], [ 0.000693771040131, 0.000257354910571 ], [ 0.000693771425646, 0.000257354910571 ], [ 0.000693771425646, 0.00025735495286 ], [ 0.000693771618404, 0.00025735495286 ], [ 0.000693771618404, 0.00025735499515 ] ] ] } },
{ "type": "Feature", "properties": { "value": 75.0, "area_m2": 1.0025800248463459e-08 }, "geometry": { "type": "Polygon", "coordinates": [ [ [ 0.000693781882743, 0.000257354149356 ], [ 0.000693782171879, 0.000257354149356 ], [ 0.000693782171879, 0.000257354107066 ], [ 0.000693782991099, 0.000257354107066 ], [ 0.000693782991099, 0.000257354022487 ], [ 0.000693783039288, 0.000257354022487 ], [ 0.000693783039288, 0.000257353980197 ], [ 0.000693782991099, 0.000257353980197 ], [ 0.000693782991099, 0.000257353811038 ], [ 0.000693782942909, 0.000257353811038 ], [ 0.000693782942909, 0.000257353768749 ], [ 0.00069378289472, 0.000257353768749 ], [ 0.00069378289472, 0.000257353684169 ], [ 0.000693782846531, 0.000257353684169 ], [ 0.000693782846531, 0.00025735359959 ], [ 0.000693782798341, 0.00025735359959 ], [ 0.000693782798341, 0.000257353472721 ], [ 0.000693782750152, 0.000257353472721 ], [ 0.000693782750152, 0.000257353430431 ], [ 0.000693782557394, 0.000257353430431 ], [ 0.000693782557394, 0.000257353388141 ], [ 0.000693781882743, 0.000257353388141 ], [ 0.000693781882743, 0.000257353430431 ], [ 0.000693781834554, 0.000257353430431 ], [ 0.000693781834554, 0.000257353472721 ], [ 0.000693781786364, 0.000257353472721 ], [ 0.000693781786364, 0.000257353726459 ], [ 0.000693781738175, 0.000257353726459 ], [ 0.000693781738175, 0.000257353937907 ], [ 0.000693781786364, 0.000257353937907 ], [ 0.000693781786364, 0.000257354107066 ], [ 0.000693781882743, 0.000257354107066 ], [ 0.000693781882743, 0.000257354149356 ] ] ] } },
{ "type": "Feature", "properties": { "value": 81.0, "area_m2": 2.5253904916657432e-11 }, "geometry": { "type": "Polygon", "coordinates": [ [ [ 0.000693794893877, 0.000257353388141 ], [ 0.000693794942067, 0.000257353388141 ], [ 0.000693794942067, 0.000257353345851 ], [ 0.000693794893877, 0.000257353345851 ], [ 0.000693794893877, 0.000257353388141 ] ] ] } },
{ "type": "Feature", "properties": { "value": 81.0, "area_m2": 2.5253904897599191e-11 }, "geometry": { "type": "Polygon", "coordinates": [ [ [ 0.00069379552034, 0.000257353261272 ], [ 0.000693795568529, 0.000257353261272 ], [ 0.000693795568529, 0.000257353218982 ], [ 0.00069379552034, 0.000257353218982 ], [ 0.00069379552034, 0.000257353261272 ] ] ] } },
{ "type": "Feature", "properties": { "value": 81.0, "area_m2": 2.5253904916657432e-11 }, "geometry": { "type": "Polygon", "coordinates": [ [ [ 0.000693795423961, 0.000257353092113 ], [ 0.00069379547215, 0.000257353092113 ], [ 0.00069379547215, 0.000257353049823 ], [ 0.000693795423961, 0.000257353049823 ], [ 0.000693795423961, 0.000257353092113 ] ] ] } },
{ "type": "Feature", "properties": { "value": 81.0, "area_m2": 2.5253904916657432e-11 }, "geometry": { "type": "Polygon", "coordinates": [ [ [ 0.000693795375771, 0.000257353007534 ], [ 0.000693795423961, 0.000257353007534 ], [ 0.000693795423961, 0.000257352965244 ], [ 0.000693795375771, 0.000257352965244 ], [ 0.000693795375771, 0.000257353007534 ] ] ] } },
{ "type": "Feature", "properties": { "value": 65.0, "area_m2": 9.0661518618782337e-09 }, "geometry": { "type": "Polygon", "coordinates": [ [ [ 0.000693775955448, 0.0002573535573 ], [ 0.000693776292774, 0.0002573535573 ], [ 0.000693776292774, 0.00025735351501 ], [ 0.000693776726479, 0.00025735351501 ], [ 0.000693776726479, 0.000257353472721 ], [ 0.000693776919236, 0.000257353472721 ], [ 0.000693776919236, 0.000257353430431 ], [ 0.000693777111994, 0.000257353430431 ], [ 0.000693777111994, 0.000257353388141 ], [ 0.000693777256562, 0.000257353388141 ], [ 0.000693777256562, 0.000257353345851 ], [ 0.000693777304751, 0.000257353345851 ], [ 0.000693777304751, 0.000257353303562 ], [ 0.000693777352941, 0.000257353303562 ], [ 0.000693777352941, 0.000257353218982 ], [ 0.000693777256562, 0.000257353218982 ], [ 0.000693777256562, 0.000257353176693 ], [ 0.000693777160183, 0.000257353176693 ], [ 0.000693777160183, 0.000257353092113 ], [ 0.000693777111994, 0.000257353092113 ], [ 0.000693777111994, 0.000257353007534 ], [ 0.000693777063804, 0.000257353007534 ], [ 0.000693777063804, 0.000257352922954 ], [ 0.000693777015615, 0.000257352922954 ], [ 0.000693777015615, 0.000257352880665 ], [ 0.000693776967425, 0.000257352880665 ], [ 0.000693776967425, 0.000257352838375 ], [ 0.000693776678289, 0.000257352838375 ], [ 0.000693776678289, 0.000257352880665 ], [ 0.000693776244585, 0.000257352880665 ], [ 0.000693776244585, 0.000257352922954 ], [ 0.000693776148206, 0.000257352922954 ], [ 0.000693776148206, 0.000257353049823 ], [ 0.000693776100017, 0.000257353049823 ], [ 0.000693776100017, 0.000257353134403 ], [ 0.000693776051827, 0.000257353134403 ], [ 0.000693776051827, 0.000257353176693 ], [ 0.000693775955448, 0.000257353176693 ], [ 0.000693775955448, 0.000257353218982 ], [ 0.000693775907259, 0.000257353218982 ], [ 0.000693775907259, 0.000257353472721 ], [ 0.000693775955448, 0.000257353472721 ], [ 0.000693775955448, 0.0002573535573 ] ] ] } },
{ "type": "Feature", "properties": { "value": 81.0, "area_m2": 4.0406247852358211e-09 }, "geometry": { "type": "Polygon", "coordinates": [ [ [ 0.000693793978279, 0.000257353430431 ], [ 0.000693794363794, 0.000257353430431 ], [ 0.000693794363794, 0.000257353388141 ], [ 0.000693794652931, 0.000257353388141 ], [ 0.000693794652931, 0.000257353345851 ], [ 0.000693794460173, 0.000257353345851 ], [ 0.000693794460173, 0.000257353092113 ], [ 0.000693794508362, 0.000257353092113 ], [ 0.000693794508362, 0.000257353049823 ], [ 0.000693794604741, 0.000257353049823 ], [ 0.000693794604741, 0.000257353007534 ], [ 0.00069379470112, 0.000257353007534 ], [ 0.00069379470112, 0.000257352965244 ], [ 0.000693794797499, 0.000257352965244 ], [ 0.000693794797499, 0.000257352922954 ], [ 0.000693794845688, 0.000257352922954 ], [ 0.000693794845688, 0.000257352880665 ], [ 0.000693794893877, 0.000257352880665 ], [ 0.000693794893877, 0.000257352796085 ], [ 0.000693794845688, 0.000257352796085 ], [ 0.000693794845688, 0.000257352838375 ], [ 0.000693794797499, 0.000257352838375 ], [ 0.000693794797499, 0.000257352880665 ], [ 0.000693794749309, 0.000257352880665 ], [ 0.000693794749309, 0.000257352922954 ], [ 0.000693794604741, 0.000257352922954 ], [ 0.000693794604741, 0.000257352965244 ], [ 0.000693794556552, 0.000257352965244 ], [ 0.000693794556552, 0.000257352922954 ], [ 0.000693794267415, 0.000257352922954 ], [ 0.000693794267415, 0.000257352880665 ], [ 0.000693794074658, 0.000257352880665 ], [ 0.000693794074658, 0.000257352922954 ], [ 0.000693793978279, 0.000257352922954 ], [ 0.000693793978279, 0.000257352965244 ], [ 0.00069379393009, 0.000257352965244 ], [ 0.00069379393009, 0.000257353134403 ], [ 0.0006937938819, 0.000257353134403 ], [ 0.0006937938819, 0.000257353303562 ], [ 0.00069379393009, 0.000257353303562 ], [ 0.00069379393009, 0.000257353388141 ], [ 0.000693793978279, 0.000257353388141 ], [ 0.000693793978279, 0.000257353430431 ] ] ] } },
{ "type": "Feature", "properties": { "value": 34.0, "area_m2": 6.1366988926513495e-09 }, "geometry": { "type": "Polygon", "coordinates": [ [ [ 0.000693794652931, 0.000257353388141 ], [ 0.000693794893877, 0.000257353388141 ], [ 0.000693794893877, 0.000257353345851 ], [ 0.000693794942067, 0.000257353345851 ], [ 0.000693794942067, 0.000257353388141 ], [ 0.000693795423961, 0.000257353388141 ], [ 0.000693795423961, 0.000257353345851 ], [ 0.00069379552034, 0.000257353345851 ], [ 0.00069379552034, 0.000257353134403 ], [ 0.00069379547215, 0.000257353134403 ], [ 0.00069379547215, 0.000257353092113 ], [ 0.000693795423961, 0.000257353092113 ], [ 0.000693795423961, 0.000257353007534 ], [ 0.000693795375771, 0.000257353007534 ], [ 0.000693795375771, 0.000257352838375 ], [ 0.000693795327582, 0.000257352838375 ], [ 0.000693795327582, 0.000257352796085 ], [ 0.000693795279393, 0.000257352796085 ], [ 0.000693795279393, 0.000257352753795 ], [ 0.000693795038446, 0.000257352753795 ], [ 0.000693795038446, 0.000257352796085 ], [ 0.000693794893877, 0.000257352796085 ], [ 0.000693794893877, 0.000257352880665 ], [ 0.000693794845688, 0.000257352880665 ], [ 0.000693794845688, 0.000257352922954 ], [ 0.000693794797499, 0.000257352922954 ], [ 0.000693794797499, 0.000257352965244 ], [ 0.00069379470112, 0.000257352965244 ], [ 0.00069379470112, 0.000257353007534 ], [ 0.000693794604741, 0.000257353007534 ], [ 0.000693794604741, 0.000257353049823 ], [ 0.000693794508362, 0.000257353049823 ], [ 0.000693794508362, 0.000257353092113 ], [ 0.000693794460173, 0.000257353092113 ], [ 0.000693794460173, 0.000257353345851 ], [ 0.000693794652931, 0.000257353345851 ], [ 0.000693794652931, 0.000257353388141 ] ] ] } },
{ "type": "Feature", "properties": { "value": 81.0, "area_m2": 7.5761714692797573e-11 }, "geometry": { "type": "Polygon", "coordinates": [ [ [ 0.000693794893877, 0.000257352796085 ], [ 0.000693795038446, 0.000257352796085 ], [ 0.000693795038446, 0.000257352753795 ], [ 0.000693794893877, 0.000257352753795 ], [ 0.000693794893877, 0.000257352796085 ] ] ] } },
{ "type": "Feature", "properties": { "value": 136.0, "area_m2": 4.0482009567451232e-08 }, "geometry": { "type": "Polygon", "coordinates": [ [ [ 0.000693789062962, 0.000257354233935 ], [ 0.000693789352098, 0.000257354233935 ], [ 0.000693789352098, 0.000257354191646 ], [ 0.000693789641234, 0.000257354191646 ], [ 0.000693789641234, 0.000257354149356 ], [ 0.000693789930371, 0.000257354149356 ], [ 0.000693789930371, 0.000257354107066 ], [ 0.000693790364075, 0.000257354107066 ], [ 0.000693790364075, 0.000257354064776 ], [ 0.000693790653211, 0.000257354064776 ], [ 0.000693790653211, 0.000257354022487 ], [ 0.00069379079778, 0.000257354022487 ], [ 0.00069379079778, 0.000257353980197 ], [ 0.000693790894158, 0.000257353980197 ], [ 0.000693790894158, 0.000257353937907 ], [ 0.000693790942348, 0.000257353937907 ], [ 0.000693790942348, 0.000257353895618 ], [ 0.000693791086916, 0.000257353895618 ], [ 0.000693791086916, 0.000257353853328 ], [ 0.000693791279673, 0.000257353853328 ], [ 0.000693791279673, 0.000257353811038 ], [ 0.00069379152062, 0.000257353811038 ], [ 0.00069379152062, 0.000257353768749 ], [ 0.000693791665189, 0.000257353768749 ], [ 0.000693791665189, 0.000257353726459 ], [ 0.000693791713378, 0.000257353726459 ], [ 0.000693791713378, 0.000257353684169 ], [ 0.000693791761567, 0.000257353684169 ], [ 0.000693791761567, 0.000257353641879 ], [ 0.000693791809757, 0.000257353641879 ], [ 0.000693791809757, 0.000257353261272 ], [ 0.000693791761567, 0.000257353261272 ], [ 0.000693791761567, 0.000257353176693 ], [ 0.000693791183295, 0.000257353176693 ], [ 0.000693791183295, 0.000257353218982 ], [ 0.000693790990537, 0.000257353218982 ], [ 0.000693790990537, 0.000257353176693 ], [ 0.000693790942348, 0.000257353176693 ], [ 0.000693790942348, 0.000257353134403 ], [ 0.000693790556833, 0.000257353134403 ], [ 0.000693790556833, 0.000257353176693 ], [ 0.00069378997856, 0.000257353176693 ], [ 0.00069378997856, 0.000257353218982 ], [ 0.000693789785802, 0.000257353218982 ], [ 0.000693789785802, 0.000257353176693 ], [ 0.000693789737613, 0.000257353176693 ], [ 0.000693789737613, 0.000257353134403 ], [ 0.000693789689424, 0.000257353134403 ], [ 0.000693789689424, 0.000257353092113 ], [ 0.000693789641234, 0.000257353092113 ], [ 0.000693789641234, 0.000257353007534 ], [ 0.000693789689424, 0.000257353007534 ], [ 0.000693789689424, 0.000257352965244 ], [ 0.000693789737613, 0.000257352965244 ], [ 0.000693789737613, 0.000257352922954 ], [ 0.000693789785802, 0.000257352922954 ], [ 0.000693789785802, 0.000257352965244 ], [ 0.000693789833992, 0.000257352965244 ], [ 0.000693789833992, 0.000257352922954 ], [ 0.000693789930371, 0.000257352922954 ], [ 0.000693789930371, 0.000257352880665 ], [ 0.00069378997856, 0.000257352880665 ], [ 0.00069378997856, 0.000257352838375 ], [ 0.000693789930371, 0.000257352838375 ], [ 0.000693789930371, 0.000257352753795 ], [ 0.000693789882181, 0.000257352753795 ], [ 0.000693789882181, 0.000257352711506 ], [ 0.000693789737613, 0.000257352711506 ], [ 0.000693789737613, 0.000257352669216 ], [ 0.000693789689424, 0.000257352669216 ], [ 0.000693789689424, 0.000257352626926 ], [ 0.000693789641234, 0.000257352626926 ], [ 0.000693789641234, 0.000257352584637 ], [ 0.000693789593045, 0.000257352584637 ], [ 0.000693789593045, 0.000257352500057 ], [ 0.000693789544856, 0.000257352500057 ], [ 0.000693789544856, 0.000257352457767 ], [ 0.000693789496666, 0.000257352457767 ], [ 0.000693789496666, 0.000257352415478 ], [ 0.000693789400287, 0.000257352415478 ], [ 0.000693789400287, 0.000257352373188 ], [ 0.000693789352098, 0.000257352373188 ], [ 0.000693789352098, 0.000257352288609 ], [ 0.000693789303909, 0.000257352288609 ], [ 0.000693789303909, 0.000257352246319 ], [ 0.000693789062962, 0.000257352246319 ], [ 0.000693789062962, 0.000257352288609 ], [ 0.000693788966583, 0.000257352288609 ], [ 0.000693788966583, 0.000257352330898 ], [ 0.000693788870204, 0.000257352330898 ], [ 0.000693788870204, 0.000257352373188 ], [ 0.000693788822015, 0.000257352373188 ], [ 0.000693788822015, 0.000257352415478 ], [ 0.000693788773825, 0.000257352415478 ], [ 0.000693788773825, 0.000257352457767 ], [ 0.000693788725636, 0.000257352457767 ], [ 0.000693788725636, 0.000257352796085 ], [ 0.000693788773825, 0.000257352796085 ], [ 0.000693788773825, 0.000257353049823 ], [ 0.000693788822015, 0.000257353049823 ], [ 0.000693788822015, 0.000257353261272 ], [ 0.000693788870204, 0.000257353261272 ], [ 0.000693788870204, 0.000257353430431 ], [ 0.000693788918393, 0.000257353430431 ], [ 0.000693788918393, 0.000257353768749 ], [ 0.000693788966583, 0.000257353768749 ], [ 0.000693788966583, 0.000257354107066 ], [ 0.000693789014772, 0.000257354107066 ], [ 0.000693789014772, 0.000257354191646 ], [ 0.000693789062962, 0.000257354191646 ], [ 0.000693789062962, 0.000257354233935 ] ] ] } },
{ "type": "Feature", "properties": { "value": 63.0, "area_m2": 8.9903901471092032e-09 }, "geometry": { "type": "Polygon", "coordinates": [ [ [ 0.00069378679806, 0.000257352880665 ], [ 0.000693787279954, 0.000257352880665 ], [ 0.000693787279954, 0.000257352838375 ], [ 0.000693787520901, 0.000257352838375 ], [ 0.000693787520901, 0.000257352796085 ], [ 0.000693787665469, 0.000257352796085 ], [ 0.000693787665469, 0.000257352753795 ], [ 0.000693787954606, 0.000257352753795 ], [ 0.000693787954606, 0.000257352711506 ], [ 0.000693788195553, 0.000257352711506 ], [ 0.000693788195553, 0.000257352669216 ], [ 0.000693788243742, 0.000257352669216 ], [ 0.000693788243742, 0.000257352457767 ], [ 0.000693788195553, 0.000257352457767 ], [ 0.000693788195553, 0.000257352415478 ], [ 0.000693788243742, 0.000257352415478 ], [ 0.000693788243742, 0.000257352373188 ], [ 0.000693788195553, 0.000257352373188 ], [ 0.000693788195553, 0.000257352330898 ], [ 0.000693788147363, 0.000257352330898 ], [ 0.000693788147363, 0.000257352288609 ], [ 0.000693788099174, 0.000257352288609 ], [ 0.000693788099174, 0.000257352246319 ], [ 0.000693788050985, 0.000257352246319 ], [ 0.000693788050985, 0.000257352204029 ], [ 0.000693787376333, 0.000257352204029 ], [ 0.000693787376333, 0.000257352246319 ], [ 0.000693787279954, 0.000257352246319 ], [ 0.000693787279954, 0.000257352288609 ], [ 0.000693787135386, 0.000257352288609 ], [ 0.000693787135386, 0.000257352330898 ], [ 0.000693787087197, 0.000257352330898 ], [ 0.000693787087197, 0.000257352415478 ], [ 0.000693787039007, 0.000257352415478 ], [ 0.000693787039007, 0.000257352500057 ], [ 0.000693786990818, 0.000257352500057 ], [ 0.000693786990818, 0.000257352542347 ], [ 0.000693786942629, 0.000257352542347 ], [ 0.000693786942629, 0.000257352584637 ], [ 0.000693786894439, 0.000257352584637 ], [ 0.000693786894439, 0.000257352626926 ], [ 0.00069378684625, 0.000257352626926 ], [ 0.00069378684625, 0.000257352669216 ], [ 0.00069378679806, 0.000257352669216 ], [ 0.00069378679806, 0.000257352711506 ], [ 0.000693786749871, 0.000257352711506 ], [ 0.000693786749871, 0.000257352796085 ], [ 0.00069378679806, 0.000257352796085 ], [ 0.00069378679806, 0.000257352880665 ] ] ] } },
{ "type": "Feature", "properties": { "value": 12.0, "area_m2": 3.6618162116956003e-09 }, "geometry": { "type": "Polygon", "coordinates": [ [ [ 0.000693796146802, 0.000257352330898 ], [ 0.00069379624318, 0.000257352330898 ], [ 0.00069379624318, 0.000257352288609 ], [ 0.000693796435938, 0.000257352288609 ], [ 0.000693796435938, 0.000257352246319 ], [ 0.000693796532317, 0.000257352246319 ], [ 0.000693796532317, 0.000257352204029 ], [ 0.000693796773264, 0.000257352204029 ], [ 0.000693796773264, 0.00025735211945 ], [ 0.000693796821453, 0.00025735211945 ], [ 0.000693796821453, 0.000257351992581 ], [ 0.000693796773264, 0.000257351992581 ], [ 0.000693796773264, 0.000257351908001 ], [ 0.000693796725074, 0.000257351908001 ], [ 0.000693796725074, 0.000257351865712 ], [ 0.000693796435938, 0.000257351865712 ], [ 0.000693796435938, 0.000257351823422 ], [ 0.000693796146802, 0.000257351823422 ], [ 0.000693796146802, 0.000257351865712 ], [ 0.000693796098612, 0.000257351865712 ], [ 0.000693796098612, 0.000257351908001 ], [ 0.000693796050423, 0.000257351908001 ], [ 0.000693796050423, 0.000257352204029 ], [ 0.000693796098612, 0.000257352204029 ], [ 0.000693796098612, 0.000257352288609 ], [ 0.000693796146802, 0.000257352288609 ], [ 0.000693796146802, 0.000257352330898 ] ] ] } },
{ "type": "Feature", "properties": { "value": 15.0, "area_m2": 4.0406247852929958e-09 }, "geometry": { "type": "Polygon", "coordinates": [ [ [ 0.000693781159902, 0.000257352204029 ], [ 0.00069378130447, 0.000257352204029 ], [ 0.00069378130447, 0.000257352161739 ], [ 0.000693781497228, 0.000257352161739 ], [ 0.000693781497228, 0.00025735211945 ], [ 0.000693781593607, 0.00025735211945 ], [ 0.000693781593607, 0.00025735207716 ], [ 0.000693781689985, 0.00025735207716 ], [ 0.000693781689985, 0.000257351992581 ], [ 0.000693781738175, 0.000257351992581 ], [ 0.000693781738175, 0.000257351654263 ], [ 0.000693781689985, 0.000257351654263 ], [ 0.000693781689985, 0.000257351611973 ], [ 0.00069378130447, 0.000257351611973 ], [ 0.00069378130447, 0.000257351654263 ], [ 0.000693781208092, 0.000257351654263 ], [ 0.000693781208092, 0.000257351696553 ], [ 0.000693781159902, 0.000257351696553 ], [ 0.000693781159902, 0.000257351738842 ], [ 0.000693781111713, 0.000257351738842 ], [ 0.000693781111713, 0.000257351865712 ], [ 0.000693781063523, 0.000257351865712 ], [ 0.000693781063523, 0.00025735211945 ], [ 0.000693781111713, 0.00025735211945 ], [ 0.000693781111713, 0.000257352161739 ], [ 0.000693781159902, 0.000257352161739 ], [ 0.000693781159902, 0.000257352204029 ] ] ] } },
{ "type": "Feature", "properties": { "value": 6.0, "area_m2": 2.9547068742388328e-09 }, "geometry": { "type": "Polygon", "coordinates": [ [ [ 0.000693769208934, 0.00025735203487 ], [ 0.000693769594449, 0.00025735203487 ], [ 0.000693769594449, 0.000257351992581 ], [ 0.000693769835396, 0.000257351992581 ], [ 0.000693769835396, 0.000257351950291 ], [ 0.000693769883586, 0.000257351950291 ], [ 0.000693769883586, 0.000257351908001 ], [ 0.000693769931775, 0.000257351908001 ], [ 0.000693769931775, 0.000257351738842 ], [ 0.000693769883586, 0.000257351738842 ], [ 0.000693769883586, 0.000257351654263 ], [ 0.000693769690828, 0.000257351654263 ], [ 0.000693769690828, 0.000257351611973 ], [ 0.000693769594449, 0.000257351611973 ], [ 0.000693769594449, 0.000257351654263 ], [ 0.000693769401692, 0.000257351654263 ], [ 0.000693769401692, 0.000257351696553 ], [ 0.000693769353502, 0.000257351696553 ], [ 0.000693769353502, 0.000257351738842 ], [ 0.000693769305313, 0.000257351738842 ], [ 0.000693769305313, 0.000257351781132 ], [ 0.000693769257124, 0.000257351781132 ], [ 0.000693769257124, 0.000257351823422 ], [ 0.000693769208934, 0.000257351823422 ], [ 0.000693769208934, 0.000257351908001 ], [ 0.000693769160745, 0.000257351908001 ], [ 0.000693769160745, 0.000257351992581 ], [ 0.000693769208934, 0.000257351992581 ], [ 0.000693769208934, 0.00025735203487 ] ] ] } },
{ "type": "Feature", "properties": { "value": 114.0, "area_m2": 1.8814159156468102e-08 }, "geometry": { "type": "Polygon", "coordinates": [ [ [ 0.000693797688862, 0.000257352711506 ], [ 0.000693797977998, 0.000257352711506 ], [ 0.000693797977998, 0.000257352669216 ], [ 0.000693798122566, 0.000257352669216 ], [ 0.000693798122566, 0.000257352626926 ], [ 0.000693798363513, 0.000257352626926 ], [ 0.000693798363513, 0.000257352584637 ], [ 0.000693798556271, 0.000257352584637 ], [ 0.000693798556271, 0.000257352542347 ], [ 0.00069379860446, 0.000257352542347 ], [ 0.00069379860446, 0.000257352457767 ], [ 0.00069379865265, 0.000257352457767 ], [ 0.00069379865265, 0.000257351992581 ], [ 0.00069379860446, 0.000257351992581 ], [ 0.00069379860446, 0.000257351908001 ], [ 0.000693798556271, 0.000257351908001 ], [ 0.000693798556271, 0.000257351823422 ], [ 0.000693798508082, 0.000257351823422 ], [ 0.000693798508082, 0.000257351738842 ], [ 0.000693798411703, 0.000257351738842 ], [ 0.000693798411703, 0.000257351696553 ], [ 0.000693798315324, 0.000257351696553 ], [ 0.000693798315324, 0.000257351654263 ], [ 0.000693798218945, 0.000257351654263 ], [ 0.000693798218945, 0.000257351611973 ], [ 0.000693798122566, 0.000257351611973 ], [ 0.000693798122566, 0.000257351569684 ], [ 0.000693797929809, 0.000257351569684 ], [ 0.000693797929809, 0.000257351527394 ], [ 0.00069379783343, 0.000257351527394 ], [ 0.00069379783343, 0.000257351485104 ], [ 0.000693797737051, 0.000257351485104 ], [ 0.000693797737051, 0.000257351527394 ], [ 0.000693797640673, 0.000257351527394 ], [ 0.000693797640673, 0.000257351569684 ], [ 0.000693797351536, 0.000257351569684 ], [ 0.000693797351536, 0.000257351611973 ], [ 0.000693797255157, 0.000257351611973 ], [ 0.000693797255157, 0.000257351654263 ], [ 0.000693797158779, 0.000257351654263 ], [ 0.000693797158779, 0.000257351696553 ], [ 0.000693797110589, 0.000257351696553 ], [ 0.000693797110589, 0.000257351781132 ], [ 0.0006937970624, 0.000257351781132 ], [ 0.0006937970624, 0.000257351823422 ], [ 0.000693797014211, 0.000257351823422 ], [ 0.000693797014211, 0.000257351908001 ], [ 0.000693796966021, 0.000257351908001 ], [ 0.000693796966021, 0.00025735203487 ], [ 0.000693797014211, 0.00025735203487 ], [ 0.000693797014211, 0.000257352161739 ], [ 0.0006937970624, 0.000257352161739 ], [ 0.0006937970624, 0.000257352246319 ], [ 0.000693797110589, 0.000257352246319 ], [ 0.000693797110589, 0.000257352330898 ], [ 0.000693797158779, 0.000257352330898 ], [ 0.000693797158779, 0.000257352373188 ], [ 0.000693797206968, 0.000257352373188 ], [ 0.000693797206968, 0.000257352415478 ], [ 0.000693797303347, 0.000257352415478 ], [ 0.000693797303347, 0.000257352457767 ], [ 0.000693797351536, 0.000257352457767 ], [ 0.000693797351536, 0.000257352500057 ], [ 0.000693797447915, 0.000257352500057 ], [ 0.000693797447915, 0.000257352542347 ], [ 0.000693797544294, 0.000257352542347 ], [ 0.000693797544294, 0.000257352584637 ], [ 0.000693797592483, 0.000257352584637 ], [ 0.000693797592483, 0.000257352626926 ], [ 0.000693797640673, 0.000257352626926 ], [ 0.000693797640673, 0.000257352669216 ], [ 0.000693797688862, 0.000257352669216 ], [ 0.000693797688862, 0.000257352711506 ] ] ] } },
{ "type": "Feature", "properties": { "value": 123.0, "area_m2": 2.2172928509316279e-08 }, "geometry": { "type": "Polygon", "coordinates": [ [ [ 0.000693773738737, 0.000257352922954 ], [ 0.000693774076062, 0.000257352922954 ], [ 0.000693774076062, 0.000257352880665 ], [ 0.00069377422063, 0.000257352880665 ], [ 0.00069377422063, 0.000257352838375 ], [ 0.000693774365199, 0.000257352838375 ], [ 0.000693774365199, 0.000257352796085 ], [ 0.000693774509767, 0.000257352796085 ], [ 0.000693774509767, 0.000257352753795 ], [ 0.000693774606146, 0.000257352753795 ], [ 0.000693774606146, 0.000257352711506 ], [ 0.000693774654335, 0.000257352711506 ], [ 0.000693774654335, 0.000257352669216 ], [ 0.000693774702524, 0.000257352669216 ], [ 0.000693774702524, 0.000257352626926 ], [ 0.000693774750714, 0.000257352626926 ], [ 0.000693774750714, 0.000257352457767 ], [ 0.000693774702524, 0.000257352457767 ], [ 0.000693774702524, 0.000257352415478 ], [ 0.000693774654335, 0.000257352415478 ], [ 0.000693774654335, 0.000257352161739 ], [ 0.000693774606146, 0.000257352161739 ], [ 0.000693774606146, 0.00025735203487 ], [ 0.000693774557956, 0.00025735203487 ], [ 0.000693774557956, 0.000257351992581 ], [ 0.000693774509767, 0.000257351992581 ], [ 0.000693774509767, 0.000257351908001 ], [ 0.000693774461577, 0.000257351908001 ], [ 0.000693774461577, 0.000257351865712 ], [ 0.000693774413388, 0.000257351865712 ], [ 0.000693774413388, 0.000257351823422 ], [ 0.000693774365199, 0.000257351823422 ], [ 0.000693774365199, 0.000257351781132 ], [ 0.000693774317009, 0.000257351781132 ], [ 0.000693774317009, 0.000257351696553 ], [ 0.00069377426882, 0.000257351696553 ], [ 0.00069377426882, 0.000257351611973 ], [ 0.00069377422063, 0.000257351611973 ], [ 0.00069377422063, 0.000257351569684 ], [ 0.000693774172441, 0.000257351569684 ], [ 0.000693774172441, 0.000257351527394 ], [ 0.000693774124252, 0.000257351527394 ], [ 0.000693774124252, 0.000257351485104 ], [ 0.000693774076062, 0.000257351485104 ], [ 0.000693774076062, 0.000257351400525 ], [ 0.000693774027873, 0.000257351400525 ], [ 0.000693774027873, 0.000257351358235 ], [ 0.000693773979683, 0.000257351358235 ], [ 0.000693773979683, 0.000257351273656 ], [ 0.000693773738737, 0.000257351273656 ], [ 0.000693773738737, 0.000257351315945 ], [ 0.000693773690547, 0.000257351315945 ], [ 0.000693773690547, 0.000257351358235 ], [ 0.000693773642358, 0.000257351358235 ], [ 0.000693773642358, 0.000257351400525 ], [ 0.000693773594168, 0.000257351400525 ], [ 0.000693773594168, 0.000257351611973 ], [ 0.000693773545979, 0.000257351611973 ], [ 0.000693773545979, 0.000257351654263 ], [ 0.0006937734496, 0.000257351654263 ], [ 0.0006937734496, 0.000257351696553 ], [ 0.000693773160464, 0.000257351696553 ], [ 0.000693773160464, 0.000257351654263 ], [ 0.000693773112275, 0.000257351654263 ], [ 0.000693773112275, 0.000257351611973 ], [ 0.000693773064085, 0.000257351611973 ], [ 0.000693773064085, 0.000257351654263 ], [ 0.000693773015896, 0.000257351654263 ], [ 0.000693773015896, 0.000257351696553 ], [ 0.000693772967706, 0.000257351696553 ], [ 0.000693772967706, 0.000257351738842 ], [ 0.000693772919517, 0.000257351738842 ], [ 0.000693772919517, 0.000257351992581 ], [ 0.000693772967706, 0.000257351992581 ], [ 0.000693772967706, 0.00025735203487 ], [ 0.000693773015896, 0.00025735203487 ], [ 0.000693773015896, 0.00025735211945 ], [ 0.000693773064085, 0.00025735211945 ], [ 0.000693773064085, 0.000257352161739 ], [ 0.000693773112275, 0.000257352161739 ], [ 0.000693773112275, 0.000257352204029 ], [ 0.000693773160464, 0.000257352204029 ], [ 0.000693773160464, 0.000257352246319 ], [ 0.000693773208653, 0.000257352246319 ], [ 0.000693773208653, 0.000257352288609 ], [ 0.000693773256843, 0.000257352288609 ], [ 0.000693773256843, 0.000257352330898 ], [ 0.000693773305032, 0.000257352330898 ], [ 0.000693773305032, 0.000257352373188 ], [ 0.000693773401411, 0.000257352373188 ], [ 0.000693773401411, 0.000257352415478 ], [ 0.0006937734496, 0.000257352415478 ], [ 0.0006937734496, 0.000257352500057 ], [ 0.00069377349779, 0.000257352500057 ], [ 0.00069377349779, 0.000257352584637 ], [ 0.000693773545979, 0.000257352584637 ], [ 0.000693773545979, 0.000257352626926 ], [ 0.000693773594168, 0.000257352626926 ], [ 0.000693773594168, 0.000257352711506 ], [ 0.000693773642358, 0.000257352711506 ], [ 0.000693773642358, 0.000257352796085 ], [ 0.000693773690547, 0.000257352796085 ], [ 0.000693773690547, 0.000257352838375 ], [ 0.000693773738737, 0.000257352838375 ], [ 0.000693773738737, 0.000257352922954 ] ] ] } },
{ "type": "Feature", "properties": { "value": 50.0, "area_m2": 7.5256636626101105e-09 }, "geometry": { "type": "Polygon", "coordinates": [ [ [ 0.000693788050985, 0.000257351104497 ], [ 0.000693788243742, 0.000257351104497 ], [ 0.000693788243742, 0.000257351062207 ], [ 0.0006937884365, 0.000257351062207 ], [ 0.0006937884365, 0.000257351019917 ], [ 0.000693788532878, 0.000257351019917 ], [ 0.000693788532878, 0.000257350977628 ], [ 0.000693788870204, 0.000257350977628 ], [ 0.000693788870204, 0.000257350935338 ], [ 0.000693788966583, 0.000257350935338 ], [ 0.000693788966583, 0.000257350893048 ], [ 0.000693789014772, 0.000257350893048 ], [ 0.000693789014772, 0.000257350850758 ], [ 0.000693789062962, 0.000257350850758 ], [ 0.000693789062962, 0.000257350808469 ], [ 0.000693789014772, 0.000257350808469 ], [ 0.000693789014772, 0.00025735063931 ], [ 0.000693788966583, 0.00025735063931 ], [ 0.000693788966583, 0.00025735059702 ], [ 0.000693788918393, 0.00025735059702 ], [ 0.000693788918393, 0.00025735055473 ], [ 0.000693788870204, 0.00025735055473 ], [ 0.000693788870204, 0.000257350512441 ], [ 0.000693788822015, 0.000257350512441 ], [ 0.000693788822015, 0.000257350427861 ], [ 0.000693788773825, 0.000257350427861 ], [ 0.000693788773825, 0.000257350385572 ], [ 0.00069378838831, 0.000257350385572 ], [ 0.00069378838831, 0.000257350427861 ], [ 0.000693788243742, 0.000257350427861 ], [ 0.000693788243742, 0.000257350470151 ], [ 0.000693788050985, 0.000257350470151 ], [ 0.000693788050985, 0.000257350512441 ], [ 0.000693787954606, 0.000257350512441 ], [ 0.000693787954606, 0.00025735055473 ], [ 0.000693787906416, 0.00025735055473 ], [ 0.000693787906416, 0.000257350766179 ], [ 0.000693787954606, 0.000257350766179 ], [ 0.000693787954606, 0.000257350977628 ], [ 0.000693788002795, 0.000257350977628 ], [ 0.000693788002795, 0.000257351062207 ], [ 0.000693788050985, 0.000257351062207 ], [ 0.000693788050985, 0.000257351104497 ] ] ] } },
{ "type": "Feature", "properties": { "value": 30.0, "area_m2": 5.8336520336895768e-09 }, "geometry": { "type": "Polygon", "coordinates": [ [ [ 0.000693773160464, 0.000257351273656 ], [ 0.000693773353221, 0.000257351273656 ], [ 0.000693773353221, 0.000257351231366 ], [ 0.0006937734496, 0.000257351231366 ], [ 0.0006937734496, 0.000257351189076 ], [ 0.00069377349779, 0.000257351189076 ], [ 0.00069377349779, 0.000257351146786 ], [ 0.000693773545979, 0.000257351146786 ], [ 0.000693773545979, 0.000257351104497 ], [ 0.000693773594168, 0.000257351104497 ], [ 0.000693773594168, 0.000257351019917 ], [ 0.000693773545979, 0.000257351019917 ], [ 0.000693773545979, 0.000257350935338 ], [ 0.00069377349779, 0.000257350935338 ], [ 0.00069377349779, 0.000257350850758 ], [ 0.0006937734496, 0.000257350850758 ], [ 0.0006937734496, 0.000257350766179 ], [ 0.000693773401411, 0.000257350766179 ], [ 0.000693773401411, 0.000257350723889 ], [ 0.000693773353221, 0.000257350723889 ], [ 0.000693773353221, 0.0002573506816 ], [ 0.000693773305032, 0.0002573506816 ], [ 0.000693773305032, 0.000257350512441 ], [ 0.000693773256843, 0.000257350512441 ], [ 0.000693773256843, 0.000257350427861 ], [ 0.000693773208653, 0.000257350427861 ], [ 0.000693773208653, 0.000257350343282 ], [ 0.000693773160464, 0.000257350343282 ], [ 0.000693773160464, 0.000257350300992 ], [ 0.000693772630381, 0.000257350300992 ], [ 0.000693772630381, 0.000257350470151 ], [ 0.00069377267857, 0.000257350470151 ], [ 0.00069377267857, 0.000257350512441 ], [ 0.000693772726759, 0.000257350512441 ], [ 0.000693772726759, 0.00025735059702 ], [ 0.000693772774949, 0.00025735059702 ], [ 0.000693772774949, 0.00025735063931 ], [ 0.000693772823138, 0.00025735063931 ], [ 0.000693772823138, 0.0002573506816 ], [ 0.000693772871328, 0.0002573506816 ], [ 0.000693772871328, 0.000257350723889 ], [ 0.000693772919517, 0.000257350723889 ], [ 0.000693772919517, 0.000257350766179 ], [ 0.000693773015896, 0.000257350766179 ], [ 0.000693773015896, 0.000257350850758 ], [ 0.000693773064085, 0.000257350850758 ], [ 0.000693773064085, 0.000257351104497 ], [ 0.000693773112275, 0.000257351104497 ], [ 0.000693773112275, 0.000257351231366 ], [ 0.000693773160464, 0.000257351231366 ], [ 0.000693773160464, 0.000257351273656 ] ] ] } },
{ "type": "Feature", "properties": { "value": 27.0, "area_m2": 5.6568746994254407e-09 }, "geometry": { "type": "Polygon", "coordinates": [ [ [ 0.000693779858789, 0.000257350470151 ], [ 0.000693780099736, 0.000257350470151 ], [ 0.000693780099736, 0.000257350427861 ], [ 0.000693780196114, 0.000257350427861 ], [ 0.000693780196114, 0.000257350385572 ], [ 0.000693780244304, 0.000257350385572 ], [ 0.000693780244304, 0.000257350343282 ], [ 0.000693780292493, 0.000257350343282 ], [ 0.000693780292493, 0.000257350258703 ], [ 0.000693780340683, 0.000257350258703 ], [ 0.000693780340683, 0.000257350216413 ], [ 0.000693780388872, 0.000257350216413 ], [ 0.000693780388872, 0.000257350131833 ], [ 0.000693780437061, 0.000257350131833 ], [ 0.000693780437061, 0.000257350089544 ], [ 0.000693780485251, 0.000257350089544 ], [ 0.000693780485251, 0.000257349920385 ], [ 0.000693780437061, 0.000257349920385 ], [ 0.000693780437061, 0.000257349835805 ], [ 0.000693780388872, 0.000257349835805 ], [ 0.000693780388872, 0.000257349793516 ], [ 0.000693780292493, 0.000257349793516 ], [ 0.000693780292493, 0.000257349751226 ], [ 0.000693780147925, 0.000257349751226 ], [ 0.000693780147925, 0.000257349793516 ], [ 0.00069377976241, 0.000257349793516 ], [ 0.00069377976241, 0.000257349835805 ], [ 0.000693779617842, 0.000257349835805 ], [ 0.000693779617842, 0.000257350089544 ], [ 0.000693779666031, 0.000257350089544 ], [ 0.000693779666031, 0.000257350174123 ], [ 0.000693779714221, 0.000257350174123 ], [ 0.000693779714221, 0.000257350258703 ], [ 0.00069377976241, 0.000257350258703 ], [ 0.00069377976241, 0.000257350343282 ], [ 0.000693779810599, 0.000257350343282 ], [ 0.000693779810599, 0.000257350427861 ], [ 0.000693779858789, 0.000257350427861 ], [ 0.000693779858789, 0.000257350470151 ] ] ] } },
{ "type": "Feature", "properties": { "value": 118.0, "area_m2": 1.9849569257765183e-08 }, "geometry": { "type": "Polygon", "coordinates": [ [ [ 0.000693793737332, 0.000257350977628 ], [ 0.000693794122847, 0.000257350977628 ], [ 0.000693794122847, 0.000257350935338 ], [ 0.000693794411984, 0.000257350935338 ], [ 0.000693794411984, 0.000257350893048 ], [ 0.000693794652931, 0.000257350893048 ], [ 0.000693794652931, 0.000257350850758 ], [ 0.000693794797499, 0.000257350850758 ], [ 0.000693794797499, 0.000257350808469 ], [ 0.000693794845688, 0.000257350808469 ], [ 0.000693794845688, 0.000257350766179 ], [ 0.000693794893877, 0.000257350766179 ], [ 0.000693794893877, 0.000257350512441 ], [ 0.000693794845688, 0.000257350512441 ], [ 0.000693794845688, 0.000257350174123 ], [ 0.000693794797499, 0.000257350174123 ], [ 0.000693794797499, 0.000257350089544 ], [ 0.000693794749309, 0.000257350089544 ], [ 0.000693794749309, 0.000257349878095 ], [ 0.00069379470112, 0.000257349878095 ], [ 0.00069379470112, 0.000257349708936 ], [ 0.000693794652931, 0.000257349708936 ], [ 0.000693794652931, 0.000257349666647 ], [ 0.000693794460173, 0.000257349666647 ], [ 0.000693794460173, 0.000257349624357 ], [ 0.000693794315605, 0.000257349624357 ], [ 0.000693794315605, 0.000257349666647 ], [ 0.000693794171037, 0.000257349666647 ], [ 0.000693794171037, 0.000257349708936 ], [ 0.000693794074658, 0.000257349708936 ], [ 0.000693794074658, 0.000257349751226 ], [ 0.000693794026469, 0.000257349751226 ], [ 0.000693794026469, 0.000257349793516 ], [ 0.00069379393009, 0.000257349793516 ], [ 0.00069379393009, 0.000257349835805 ], [ 0.000693793833711, 0.000257349835805 ], [ 0.000693793833711, 0.000257349878095 ], [ 0.000693793737332, 0.000257349878095 ], [ 0.000693793737332, 0.000257349920385 ], [ 0.000693793689143, 0.000257349920385 ], [ 0.000693793689143, 0.000257349962675 ], [ 0.000693793592764, 0.000257349962675 ], [ 0.000693793592764, 0.000257350004964 ], [ 0.000693793448196, 0.000257350004964 ], [ 0.000693793448196, 0.000257350047254 ], [ 0.000693793400006, 0.000257350047254 ], [ 0.000693793400006, 0.000257350089544 ], [ 0.000693793351817, 0.000257350089544 ], [ 0.000693793351817, 0.000257350131833 ], [ 0.000693793303628, 0.000257350131833 ], [ 0.000693793303628, 0.000257350174123 ], [ 0.000693793255438, 0.000257350174123 ], [ 0.000693793255438, 0.000257350258703 ], [ 0.000693793303628, 0.000257350258703 ], [ 0.000693793303628, 0.000257350343282 ], [ 0.000693793351817, 0.000257350343282 ], [ 0.000693793351817, 0.000257350427861 ], [ 0.000693793400006, 0.000257350427861 ], [ 0.000693793400006, 0.00025735055473 ], [ 0.000693793448196, 0.00025735055473 ], [ 0.000693793448196, 0.00025735063931 ], [ 0.000693793496385, 0.00025735063931 ], [ 0.000693793496385, 0.000257350766179 ], [ 0.000693793544575, 0.000257350766179 ], [ 0.000693793544575, 0.000257350850758 ], [ 0.000693793592764, 0.000257350850758 ], [ 0.000693793592764, 0.000257350893048 ], [ 0.000693793640953, 0.000257350893048 ], [ 0.000693793640953, 0.000257350935338 ], [ 0.000693793737332, 0.000257350935338 ], [ 0.000693793737332, 0.000257350977628 ] ] ] } },
{ "type": "Feature", "properties": { "value": 18.0, "area_m2": 4.3184177392618781e-09 }, "geometry": { "type": "Polygon", "coordinates": [ [ [ 0.000693798363513, 0.000257350216413 ], [ 0.000693798459892, 0.000257350216413 ], [ 0.000693798459892, 0.000257350174123 ], [ 0.000693798556271, 0.000257350174123 ], [ 0.000693798556271, 0.000257350131833 ], [ 0.00069379860446, 0.000257350131833 ], [ 0.00069379860446, 0.000257350047254 ], [ 0.00069379865265, 0.000257350047254 ], [ 0.00069379865265, 0.000257350004964 ], [ 0.000693798700839, 0.000257350004964 ], [ 0.000693798700839, 0.000257349962675 ], [ 0.000693798749028, 0.000257349962675 ], [ 0.000693798749028, 0.000257349920385 ], [ 0.000693798797218, 0.000257349920385 ], [ 0.000693798797218, 0.000257349835805 ], [ 0.000693798845407, 0.000257349835805 ], [ 0.000693798845407, 0.000257349793516 ], [ 0.000693798797218, 0.000257349793516 ], [ 0.000693798797218, 0.000257349751226 ], [ 0.000693798749028, 0.000257349751226 ], [ 0.000693798749028, 0.000257349708936 ], [ 0.000693798700839, 0.000257349708936 ], [ 0.000693798700839, 0.000257349666647 ], [ 0.00069379860446, 0.000257349666647 ], [ 0.00069379860446, 0.000257349624357 ], [ 0.000693798508082, 0.000257349624357 ], [ 0.000693798508082, 0.000257349582067 ], [ 0.000693798411703, 0.000257349582067 ], [ 0.000693798411703, 0.000257349539777 ], [ 0.000693798363513, 0.000257349539777 ], [ 0.000693798363513, 0.000257349582067 ], [ 0.000693798267135, 0.000257349582067 ], [ 0.000693798267135, 0.000257349624357 ], [ 0.000693798170756, 0.000257349624357 ], [ 0.000693798170756, 0.000257349666647 ], [ 0.000693798074377, 0.000257349666647 ], [ 0.000693798074377, 0.000257349708936 ], [ 0.000693798026188, 0.000257349708936 ], [ 0.000693798026188, 0.000257349920385 ], [ 0.000693798074377, 0.000257349920385 ], [ 0.000693798074377, 0.000257350004964 ], [ 0.000693798122566, 0.000257350004964 ], [ 0.000693798122566, 0.000257350047254 ], [ 0.000693798170756, 0.000257350047254 ], [ 0.000693798170756, 0.000257350089544 ], [ 0.000693798218945, 0.000257350089544 ], [ 0.000693798218945, 0.000257350131833 ], [ 0.000693798267135, 0.000257350131833 ], [ 0.000693798267135, 0.000257350174123 ], [ 0.000693798363513, 0.000257350174123 ], [ 0.000693798363513, 0.000257350216413 ] ] ] } },
{ "type": "Feature", "properties": { "value": 68.0, "area_m2": 9.2681831012114932e-09 }, "geometry": { "type": "Polygon", "coordinates": [ [ [ 0.000693773594168, 0.000257350174123 ], [ 0.000693773835115, 0.000257350174123 ], [ 0.000693773835115, 0.000257350131833 ], [ 0.000693774027873, 0.000257350131833 ], [ 0.000693774027873, 0.000257350089544 ], [ 0.000693774172441, 0.000257350089544 ], [ 0.000693774172441, 0.000257350047254 ], [ 0.00069377426882, 0.000257350047254 ], [ 0.00069377426882, 0.000257350004964 ], [ 0.000693774413388, 0.000257350004964 ], [ 0.000693774413388, 0.000257349962675 ], [ 0.000693774461577, 0.000257349962675 ], [ 0.000693774461577, 0.000257349920385 ], [ 0.000693774557956, 0.000257349920385 ], [ 0.000693774557956, 0.000257349878095 ], [ 0.000693774606146, 0.000257349878095 ], [ 0.000693774606146, 0.000257349835805 ], [ 0.000693774702524, 0.000257349835805 ], [ 0.000693774702524, 0.000257349624357 ], [ 0.000693774654335, 0.000257349624357 ], [ 0.000693774654335, 0.000257349497488 ], [ 0.000693774606146, 0.000257349497488 ], [ 0.000693774606146, 0.000257349455198 ], [ 0.00069377426882, 0.000257349455198 ], [ 0.00069377426882, 0.000257349497488 ], [ 0.000693773979683, 0.000257349497488 ], [ 0.000693773979683, 0.000257349455198 ], [ 0.000693773835115, 0.000257349455198 ], [ 0.000693773835115, 0.000257349412908 ], [ 0.000693773690547, 0.000257349412908 ], [ 0.000693773690547, 0.000257349370619 ], [ 0.0006937734496, 0.000257349370619 ], [ 0.0006937734496, 0.000257349412908 ], [ 0.000693773401411, 0.000257349412908 ], [ 0.000693773401411, 0.000257349624357 ], [ 0.0006937734496, 0.000257349624357 ], [ 0.0006937734496, 0.000257349751226 ], [ 0.00069377349779, 0.000257349751226 ], [ 0.00069377349779, 0.000257350047254 ], [ 0.000693773545979, 0.000257350047254 ], [ 0.000693773545979, 0.000257350131833 ], [ 0.000693773594168, 0.000257350131833 ], [ 0.000693773594168, 0.000257350174123 ] ] ] } },
{ "type": "Feature", "properties": { "value": 2.0, "area_m2": 1.995058487691724e-09 }, "geometry": { "type": "Polygon", "coordinates": [ [ [ 0.000693800724793, 0.00025734911688 ], [ 0.000693800821172, 0.00025734911688 ], [ 0.000693800821172, 0.000257349074591 ], [ 0.000693801110308, 0.000257349074591 ], [ 0.000693801110308, 0.000257348990011 ], [ 0.000693801158498, 0.000257348990011 ], [ 0.000693801158498, 0.000257348905432 ], [ 0.000693801110308, 0.000257348905432 ], [ 0.000693801110308, 0.000257348736273 ], [ 0.000693800724793, 0.000257348736273 ], [ 0.000693800724793, 0.000257348778563 ], [ 0.000693800676604, 0.000257348778563 ], [ 0.000693800676604, 0.000257348863142 ], [ 0.000693800628415, 0.000257348863142 ], [ 0.000693800628415, 0.000257349032301 ], [ 0.000693800676604, 0.000257349032301 ], [ 0.000693800676604, 0.000257349074591 ], [ 0.000693800724793, 0.000257349074591 ], [ 0.000693800724793, 0.00025734911688 ] ] ] } },
{ "type": "Feature", "properties": { "value": 3.0, "area_m2": 2.5758983005842625e-09 }, "geometry": { "type": "Polygon", "coordinates": [ [ [ 0.000693785930651, 0.00025734915917 ], [ 0.00069378607522, 0.00025734915917 ], [ 0.00069378607522, 0.00025734911688 ], [ 0.000693786219788, 0.00025734911688 ], [ 0.000693786219788, 0.000257349074591 ], [ 0.000693786267977, 0.000257349074591 ], [ 0.000693786267977, 0.000257348905432 ], [ 0.000693786219788, 0.000257348905432 ], [ 0.000693786219788, 0.000257348778563 ], [ 0.000693786171598, 0.000257348778563 ], [ 0.000693786171598, 0.000257348693983 ], [ 0.000693786123409, 0.000257348693983 ], [ 0.000693786123409, 0.000257348651693 ], [ 0.000693785882462, 0.000257348651693 ], [ 0.000693785882462, 0.000257348693983 ], [ 0.000693785786083, 0.000257348693983 ], [ 0.000693785786083, 0.000257348736273 ], [ 0.000693785737894, 0.000257348736273 ], [ 0.000693785737894, 0.000257348947721 ], [ 0.000693785786083, 0.000257348947721 ], [ 0.000693785786083, 0.000257349032301 ], [ 0.000693785834273, 0.000257349032301 ], [ 0.000693785834273, 0.000257349074591 ], [ 0.000693785882462, 0.000257349074591 ], [ 0.000693785882462, 0.00025734911688 ], [ 0.000693785930651, 0.00025734911688 ], [ 0.000693785930651, 0.00025734915917 ] ] ] } },
{ "type": "Feature", "properties": { "value": 1.0, "area_m2": 1.5909960092348457e-09 }, "geometry": { "type": "Polygon", "coordinates": [ [ [ 0.000693779955167, 0.000257348905432 ], [ 0.000693780244304, 0.000257348905432 ], [ 0.000693780244304, 0.000257348863142 ], [ 0.000693780292493, 0.000257348863142 ], [ 0.000693780292493, 0.000257348693983 ], [ 0.000693780244304, 0.000257348693983 ], [ 0.000693780244304, 0.000257348567114 ], [ 0.000693780196114, 0.000257348567114 ], [ 0.000693780196114, 0.000257348524824 ], [ 0.000693779955167, 0.000257348524824 ], [ 0.000693779955167, 0.000257348567114 ], [ 0.000693779906978, 0.000257348567114 ], [ 0.000693779906978, 0.000257348820852 ], [ 0.000693779955167, 0.000257348820852 ], [ 0.000693779955167, 0.000257348905432 ] ] ] } },
{ "type": "Feature", "properties": { "value": 139.0, "area_m2": 4.876529037750389e-08 }, "geometry": { "type": "Polygon", "coordinates": [ [ [ 0.000693796773264, 0.0002573506816 ], [ 0.000693796869642, 0.0002573506816 ], [ 0.000693796869642, 0.00025735063931 ], [ 0.000693797110589, 0.00025735063931 ], [ 0.000693797110589, 0.00025735059702 ], [ 0.000693797206968, 0.00025735059702 ], [ 0.000693797206968, 0.00025735055473 ], [ 0.000693797351536, 0.00025735055473 ], [ 0.000693797351536, 0.00025735059702 ], [ 0.000693797399726, 0.00025735059702 ], [ 0.000693797399726, 0.00025735055473 ], [ 0.000693797592483, 0.00025735055473 ], [ 0.000693797592483, 0.00025735059702 ], [ 0.000693798315324, 0.00025735059702 ], [ 0.000693798315324, 0.000257350470151 ], [ 0.000693798363513, 0.000257350470151 ], [ 0.000693798363513, 0.000257350427861 ], [ 0.000693798315324, 0.000257350427861 ], [ 0.000693798315324, 0.000257350343282 ], [ 0.000693798267135, 0.000257350343282 ], [ 0.000693798267135, 0.000257350216413 ], [ 0.000693798218945, 0.000257350216413 ], [ 0.000693798218945, 0.000257350131833 ], [ 0.000693798170756, 0.000257350131833 ], [ 0.000693798170756, 0.000257350089544 ], [ 0.000693798122566, 0.000257350089544 ], [ 0.000693798122566, 0.000257350047254 ], [ 0.000693798074377, 0.000257350047254 ], [ 0.000693798074377, 0.000257349920385 ], [ 0.000693798026188, 0.000257349920385 ], [ 0.000693798026188, 0.000257349793516 ], [ 0.000693797977998, 0.000257349793516 ], [ 0.000693797977998, 0.000257349708936 ], [ 0.000693797929809, 0.000257349708936 ], [ 0.000693797929809, 0.000257349624357 ], [ 0.000693797881619, 0.000257349624357 ], [ 0.000693797881619, 0.000257349539777 ], [ 0.00069379783343, 0.000257349539777 ], [ 0.00069379783343, 0.000257349455198 ], [ 0.000693797785241, 0.000257349455198 ], [ 0.000693797785241, 0.000257349370619 ], [ 0.000693797737051, 0.000257349370619 ], [ 0.000693797737051, 0.000257349328329 ], [ 0.000693797688862, 0.000257349328329 ], [ 0.000693797688862, 0.000257349243749 ], [ 0.000693797640673, 0.000257349243749 ], [ 0.000693797640673, 0.00025734915917 ], [ 0.000693797592483, 0.00025734915917 ], [ 0.000693797592483, 0.000257349074591 ], [ 0.000693797544294, 0.000257349074591 ], [ 0.000693797544294, 0.000257348990011 ], [ 0.000693797496104, 0.000257348990011 ], [ 0.000693797496104, 0.000257348863142 ], [ 0.000693797447915, 0.000257348863142 ], [ 0.000693797447915, 0.000257348736273 ], [ 0.000693797399726, 0.000257348736273 ], [ 0.000693797399726, 0.000257348651693 ], [ 0.000693797351536, 0.000257348651693 ], [ 0.000693797351536, 0.000257348567114 ], [ 0.000693797303347, 0.000257348567114 ], [ 0.000693797303347, 0.000257348482535 ], [ 0.000693797255157, 0.000257348482535 ], [ 0.000693797255157, 0.000257348440245 ], [ 0.000693797206968, 0.000257348440245 ], [ 0.000693797206968, 0.000257348355666 ], [ 0.000693797158779, 0.000257348355666 ], [ 0.000693797158779, 0.000257348313376 ], [ 0.0006937970624, 0.000257348313376 ], [ 0.0006937970624, 0.000257348271086 ], [ 0.000693797014211, 0.000257348271086 ], [ 0.000693797014211, 0.000257348228796 ], [ 0.000693796725074, 0.000257348228796 ], [ 0.000693796725074, 0.000257348271086 ], [ 0.000693796628695, 0.000257348271086 ], [ 0.000693796628695, 0.000257348313376 ], [ 0.000693796532317, 0.000257348313376 ], [ 0.000693796532317, 0.000257348355666 ], [ 0.000693796484127, 0.000257348355666 ], [ 0.000693796484127, 0.000257348397955 ], [ 0.000693796435938, 0.000257348397955 ], [ 0.000693796435938, 0.000257348440245 ], [ 0.000693796339559, 0.000257348440245 ], [ 0.000693796339559, 0.000257348482535 ], [ 0.000693796194991, 0.000257348482535 ], [ 0.000693796194991, 0.000257348524824 ], [ 0.000693796146802, 0.000257348524824 ], [ 0.000693796146802, 0.000257348567114 ], [ 0.000693796098612, 0.000257348567114 ], [ 0.000693796098612, 0.000257348609404 ], [ 0.000693796002233, 0.000257348609404 ], [ 0.000693796002233, 0.000257348693983 ], [ 0.000693795954044, 0.000257348693983 ], [ 0.000693795954044, 0.000257348736273 ], [ 0.000693795905855, 0.000257348736273 ], [ 0.000693795905855, 0.000257348778563 ], [ 0.000693795857665, 0.000257348778563 ], [ 0.000693795857665, 0.000257348820852 ], [ 0.000693795809476, 0.000257348820852 ], [ 0.000693795809476, 0.000257348863142 ], [ 0.000693795761286, 0.000257348863142 ], [ 0.000693795761286, 0.000257348905432 ], [ 0.000693795713097, 0.000257348905432 ], [ 0.000693795713097, 0.00025734911688 ], [ 0.000693795761286, 0.00025734911688 ], [ 0.000693795761286, 0.00025734915917 ], [ 0.000693795809476, 0.00025734915917 ], [ 0.000693795809476, 0.000257349243749 ], [ 0.000693795857665, 0.000257349243749 ], [ 0.000693795857665, 0.000257349370619 ], [ 0.000693795905855, 0.000257349370619 ], [ 0.000693795905855, 0.000257349497488 ], [ 0.000693795954044, 0.000257349497488 ], [ 0.000693795954044, 0.000257349582067 ], [ 0.000693796002233, 0.000257349582067 ], [ 0.000693796002233, 0.000257349666647 ], [ 0.000693796050423, 0.000257349666647 ], [ 0.000693796050423, 0.000257349835805 ], [ 0.000693796098612, 0.000257349835805 ], [ 0.000693796098612, 0.000257349878095 ], [ 0.000693796146802, 0.000257349878095 ], [ 0.000693796146802, 0.000257349962675 ], [ 0.000693796194991, 0.000257349962675 ], [ 0.000693796194991, 0.000257350047254 ], [ 0.00069379624318, 0.000257350047254 ], [ 0.00069379624318, 0.000257350089544 ], [ 0.00069379629137, 0.000257350089544 ], [ 0.00069379629137, 0.000257350131833 ], [ 0.000693796339559, 0.000257350131833 ], [ 0.000693796339559, 0.000257350174123 ], [ 0.000693796387748, 0.000257350174123 ], [ 0.000693796387748, 0.000257350300992 ], [ 0.000693796435938, 0.000257350300992 ], [ 0.000693796435938, 0.000257350427861 ], [ 0.000693796484127, 0.000257350427861 ], [ 0.000693796484127, 0.00025735055473 ], [ 0.000693796532317, 0.00025735055473 ], [ 0.000693796532317, 0.00025735059702 ], [ 0.000693796580506, 0.00025735059702 ], [ 0.000693796580506, 0.00025735063931 ], [ 0.000693796773264, 0.00025735063931 ], [ 0.000693796773264, 0.0002573506816 ] ] ] } },
{ "type": "Feature", "properties": { "value": 85.0, "area_m2": 1.0859179110312931e-08 }, "geometry": { "type": "Polygon", "coordinates": [ [ [ 0.000693792725355, 0.000257349412908 ], [ 0.000693793255438, 0.000257349412908 ], [ 0.000693793255438, 0.000257349370619 ], [ 0.000693793303628, 0.000257349370619 ], [ 0.000693793303628, 0.000257349243749 ], [ 0.000693793255438, 0.000257349243749 ], [ 0.000693793255438, 0.000257349074591 ], [ 0.000693793207249, 0.000257349074591 ], [ 0.000693793207249, 0.000257348905432 ], [ 0.00069379315906, 0.000257348905432 ], [ 0.00069379315906, 0.000257348820852 ], [ 0.00069379311087, 0.000257348820852 ], [ 0.00069379311087, 0.000257348778563 ], [ 0.000693793062681, 0.000257348778563 ], [ 0.000693793062681, 0.000257348693983 ], [ 0.000693793014491, 0.000257348693983 ], [ 0.000693793014491, 0.000257348524824 ], [ 0.000693792966302, 0.000257348524824 ], [ 0.000693792966302, 0.000257348313376 ], [ 0.000693792918113, 0.000257348313376 ], [ 0.000693792918113, 0.000257348228796 ], [ 0.000693792869923, 0.000257348228796 ], [ 0.000693792869923, 0.000257348186507 ], [ 0.000693792580787, 0.000257348186507 ], [ 0.000693792580787, 0.000257348228796 ], [ 0.000693792484408, 0.000257348228796 ], [ 0.000693792484408, 0.000257348271086 ], [ 0.00069379233984, 0.000257348271086 ], [ 0.00069379233984, 0.000257348313376 ], [ 0.000693792291651, 0.000257348313376 ], [ 0.000693792291651, 0.000257348355666 ], [ 0.000693792243461, 0.000257348355666 ], [ 0.000693792243461, 0.000257348482535 ], [ 0.000693792291651, 0.000257348482535 ], [ 0.000693792291651, 0.000257348778563 ], [ 0.00069379233984, 0.000257348778563 ], [ 0.00069379233984, 0.000257348905432 ], [ 0.000693792388029, 0.000257348905432 ], [ 0.000693792388029, 0.000257349074591 ], [ 0.000693792436219, 0.000257349074591 ], [ 0.000693792436219, 0.00025734911688 ], [ 0.000693792484408, 0.00025734911688 ], [ 0.000693792484408, 0.00025734920146 ], [ 0.000693792532598, 0.00025734920146 ], [ 0.000693792532598, 0.000257349286039 ], [ 0.000693792580787, 0.000257349286039 ], [ 0.000693792580787, 0.000257349328329 ], [ 0.000693792628976, 0.000257349328329 ], [ 0.000693792628976, 0.000257349370619 ], [ 0.000693792725355, 0.000257349370619 ], [ 0.000693792725355, 0.000257349412908 ] ] ] } },
{ "type": "Feature", "properties": { "value": 92.0, "area_m2": 1.2020858736021775e-08 }, "geometry": { "type": "Polygon", "coordinates": [ [ [ 0.000693790942348, 0.000257349032301 ], [ 0.000693791424242, 0.000257349032301 ], [ 0.000693791424242, 0.000257348990011 ], [ 0.000693791665189, 0.000257348990011 ], [ 0.000693791665189, 0.000257348947721 ], [ 0.000693791761567, 0.000257348947721 ], [ 0.000693791761567, 0.000257348863142 ], [ 0.000693791809757, 0.000257348863142 ], [ 0.000693791809757, 0.000257348693983 ], [ 0.000693791857946, 0.000257348693983 ], [ 0.000693791857946, 0.000257348440245 ], [ 0.000693791809757, 0.000257348440245 ], [ 0.000693791809757, 0.000257348313376 ], [ 0.000693791761567, 0.000257348313376 ], [ 0.000693791761567, 0.000257348271086 ], [ 0.000693791665189, 0.000257348271086 ], [ 0.000693791665189, 0.000257348228796 ], [ 0.00069379152062, 0.000257348228796 ], [ 0.00069379152062, 0.000257348186507 ], [ 0.000693791376052, 0.000257348186507 ], [ 0.000693791376052, 0.000257348144217 ], [ 0.000693790845969, 0.000257348144217 ], [ 0.000693790845969, 0.000257348186507 ], [ 0.000693790605022, 0.000257348186507 ], [ 0.000693790605022, 0.000257348228796 ], [ 0.000693790556833, 0.000257348228796 ], [ 0.000693790556833, 0.000257348271086 ], [ 0.000693790508643, 0.000257348271086 ], [ 0.000693790508643, 0.000257348482535 ], [ 0.000693790556833, 0.000257348482535 ], [ 0.000693790556833, 0.000257348609404 ], [ 0.000693790605022, 0.000257348609404 ], [ 0.000693790605022, 0.000257348651693 ], [ 0.000693790653211, 0.000257348651693 ], [ 0.000693790653211, 0.000257348693983 ], [ 0.000693790701401, 0.000257348693983 ], [ 0.000693790701401, 0.000257348736273 ], [ 0.00069379074959, 0.000257348736273 ], [ 0.00069379074959, 0.000257348863142 ], [ 0.00069379079778, 0.000257348863142 ], [ 0.00069379079778, 0.000257348947721 ], [ 0.000693790845969, 0.000257348947721 ], [ 0.000693790845969, 0.000257348990011 ], [ 0.000693790942348, 0.000257348990011 ], [ 0.000693790942348, 0.000257349032301 ] ] ] } },
{ "type": "Feature", "properties": { "value": 126.0, "area_m2": 2.4521541665574391e-08 }, "geometry": { "type": "Polygon", "coordinates": [ [ [ 0.000693777256562, 0.000257349032301 ], [ 0.000693777352941, 0.000257349032301 ], [ 0.000693777352941, 0.000257348990011 ], [ 0.000693777545698, 0.000257348990011 ], [ 0.000693777545698, 0.000257348947721 ], [ 0.000693777738456, 0.000257348947721 ], [ 0.000693777738456, 0.000257348905432 ], [ 0.000693777979403, 0.000257348905432 ], [ 0.000693777979403, 0.000257348863142 ], [ 0.000693778123971, 0.000257348863142 ], [ 0.000693778123971, 0.000257348820852 ], [ 0.000693778268539, 0.000257348820852 ], [ 0.000693778268539, 0.000257348778563 ], [ 0.000693778316728, 0.000257348778563 ], [ 0.000693778316728, 0.000257348736273 ], [ 0.000693778364918, 0.000257348736273 ], [ 0.000693778364918, 0.000257348482535 ], [ 0.000693778316728, 0.000257348482535 ], [ 0.000693778316728, 0.000257348271086 ], [ 0.000693778268539, 0.000257348271086 ], [ 0.000693778268539, 0.000257348017348 ], [ 0.00069377822035, 0.000257348017348 ], [ 0.00069377822035, 0.000257347805899 ], [ 0.00069377817216, 0.000257347805899 ], [ 0.00069377817216, 0.000257347594451 ], [ 0.000693778123971, 0.000257347594451 ], [ 0.000693778123971, 0.000257347467582 ], [ 0.000693778075781, 0.000257347467582 ], [ 0.000693778075781, 0.000257347383002 ], [ 0.000693777979403, 0.000257347383002 ], [ 0.000693777979403, 0.000257347340712 ], [ 0.000693777497509, 0.000257347340712 ], [ 0.000693777497509, 0.000257347383002 ], [ 0.000693777304751, 0.000257347383002 ], [ 0.000693777304751, 0.000257347425292 ], [ 0.000693777063804, 0.000257347425292 ], [ 0.000693777063804, 0.000257347467582 ], [ 0.000693776871047, 0.000257347467582 ], [ 0.000693776871047, 0.000257347509871 ], [ 0.0006937766301, 0.000257347509871 ], [ 0.0006937766301, 0.000257347552161 ], [ 0.000693776678289, 0.000257347552161 ], [ 0.000693776678289, 0.000257347594451 ], [ 0.000693776726479, 0.000257347594451 ], [ 0.000693776726479, 0.00025734763674 ], [ 0.000693776774668, 0.00025734763674 ], [ 0.000693776774668, 0.00025734772132 ], [ 0.000693776822857, 0.00025734772132 ], [ 0.000693776822857, 0.000257347848189 ], [ 0.000693776871047, 0.000257347848189 ], [ 0.000693776871047, 0.000257347932768 ], [ 0.000693776919236, 0.000257347932768 ], [ 0.000693776919236, 0.000257348059638 ], [ 0.000693776967425, 0.000257348059638 ], [ 0.000693776967425, 0.000257348144217 ], [ 0.000693777015615, 0.000257348144217 ], [ 0.000693777015615, 0.000257348271086 ], [ 0.000693777063804, 0.000257348271086 ], [ 0.000693777063804, 0.000257348524824 ], [ 0.000693777111994, 0.000257348524824 ], [ 0.000693777111994, 0.000257348778563 ], [ 0.000693777160183, 0.000257348778563 ], [ 0.000693777160183, 0.000257348990011 ], [ 0.000693777256562, 0.000257348990011 ], [ 0.000693777256562, 0.000257349032301 ] ] ] } },
{ "type": "Feature", "properties": { "value": 80.0, "area_m2": 1.0278339297515684e-08 }, "geometry": { "type": "Polygon", "coordinates": [ [ [ 0.000693769979964, 0.000257348397955 ], [ 0.000693770124533, 0.000257348397955 ], [ 0.000693770124533, 0.000257348355666 ], [ 0.000693770269101, 0.000257348355666 ], [ 0.000693770269101, 0.000257348313376 ], [ 0.000693770365479, 0.000257348313376 ], [ 0.000693770365479, 0.000257348271086 ], [ 0.000693770461858, 0.000257348271086 ], [ 0.000693770461858, 0.000257348101927 ], [ 0.000693770413669, 0.000257348101927 ], [ 0.000693770413669, 0.000257348017348 ], [ 0.000693770365479, 0.000257348017348 ], [ 0.000693770365479, 0.000257347890479 ], [ 0.00069377031729, 0.000257347890479 ], [ 0.00069377031729, 0.000257347848189 ], [ 0.000693770269101, 0.000257347848189 ], [ 0.000693770269101, 0.00025734776361 ], [ 0.000693770220911, 0.00025734776361 ], [ 0.000693770220911, 0.00025734772132 ], [ 0.000693770172722, 0.00025734772132 ], [ 0.000693770172722, 0.00025734767903 ], [ 0.000693770124533, 0.00025734767903 ], [ 0.000693770124533, 0.000257347594451 ], [ 0.000693770076343, 0.000257347594451 ], [ 0.000693770076343, 0.000257347467582 ], [ 0.000693770028154, 0.000257347467582 ], [ 0.000693770028154, 0.000257347383002 ], [ 0.000693769979964, 0.000257347383002 ], [ 0.000693769979964, 0.000257347298423 ], [ 0.000693769931775, 0.000257347298423 ], [ 0.000693769931775, 0.000257347256133 ], [ 0.000693769642639, 0.000257347256133 ], [ 0.000693769642639, 0.000257347298423 ], [ 0.00069376949807, 0.000257347298423 ], [ 0.00069376949807, 0.000257347340712 ], [ 0.000693769401692, 0.000257347340712 ], [ 0.000693769401692, 0.000257347383002 ], [ 0.000693769353502, 0.000257347383002 ], [ 0.000693769353502, 0.000257347425292 ], [ 0.000693769305313, 0.000257347425292 ], [ 0.000693769305313, 0.000257347467582 ], [ 0.000693769257124, 0.000257347467582 ], [ 0.000693769257124, 0.000257347552161 ], [ 0.000693769305313, 0.000257347552161 ], [ 0.000693769305313, 0.00025734767903 ], [ 0.000693769353502, 0.00025734767903 ], [ 0.000693769353502, 0.00025734776361 ], [ 0.000693769401692, 0.00025734776361 ], [ 0.000693769401692, 0.000257347975058 ], [ 0.000693769449881, 0.000257347975058 ], [ 0.000693769449881, 0.000257348059638 ], [ 0.00069376949807, 0.000257348059638 ], [ 0.00069376949807, 0.000257348101927 ], [ 0.00069376954626, 0.000257348101927 ], [ 0.00069376954626, 0.000257348144217 ], [ 0.000693769787207, 0.000257348144217 ], [ 0.000693769787207, 0.000257348186507 ], [ 0.000693769835396, 0.000257348186507 ], [ 0.000693769835396, 0.000257348228796 ], [ 0.000693769883586, 0.000257348228796 ], [ 0.000693769883586, 0.000257348313376 ], [ 0.000693769931775, 0.000257348313376 ], [ 0.000693769931775, 0.000257348355666 ], [ 0.000693769979964, 0.000257348355666 ], [ 0.000693769979964, 0.000257348397955 ] ] ] } },
{ "type": "Feature", "properties": { "value": 128.0, "area_m2": 2.6592361868225728e-08 }, "geometry": { "type": "Polygon", "coordinates": [ [ [ 0.000693782316447, 0.000257348440245 ], [ 0.000693782605584, 0.000257348440245 ], [ 0.000693782605584, 0.000257348397955 ], [ 0.000693782701963, 0.000257348397955 ], [ 0.000693782701963, 0.000257348355666 ], [ 0.000693782798341, 0.000257348355666 ], [ 0.000693782798341, 0.000257348313376 ], [ 0.000693782942909, 0.000257348313376 ], [ 0.000693782942909, 0.000257348271086 ], [ 0.000693783039288, 0.000257348271086 ], [ 0.000693783039288, 0.000257348228796 ], [ 0.000693783135667, 0.000257348228796 ], [ 0.000693783135667, 0.000257348186507 ], [ 0.000693783232046, 0.000257348186507 ], [ 0.000693783232046, 0.000257348144217 ], [ 0.000693783376614, 0.000257348144217 ], [ 0.000693783376614, 0.000257348101927 ], [ 0.000693783472993, 0.000257348101927 ], [ 0.000693783472993, 0.000257348059638 ], [ 0.000693783617561, 0.000257348059638 ], [ 0.000693783617561, 0.000257348017348 ], [ 0.00069378371394, 0.000257348017348 ], [ 0.00069378371394, 0.000257347975058 ], [ 0.000693783858508, 0.000257347975058 ], [ 0.000693783858508, 0.000257347932768 ], [ 0.000693783906697, 0.000257347932768 ], [ 0.000693783906697, 0.000257347890479 ], [ 0.000693783954887, 0.000257347890479 ], [ 0.000693783954887, 0.00025734772132 ], [ 0.000693783906697, 0.00025734772132 ], [ 0.000693783906697, 0.000257347552161 ], [ 0.000693783858508, 0.000257347552161 ], [ 0.000693783858508, 0.000257347256133 ], [ 0.000693783810318, 0.000257347256133 ], [ 0.000693783810318, 0.000257347213843 ], [ 0.000693783762129, 0.000257347213843 ], [ 0.000693783762129, 0.000257347171554 ], [ 0.00069378371394, 0.000257347171554 ], [ 0.00069378371394, 0.000257347129264 ], [ 0.00069378366575, 0.000257347129264 ], [ 0.00069378366575, 0.000257347086974 ], [ 0.000693783280235, 0.000257347086974 ], [ 0.000693783280235, 0.000257347129264 ], [ 0.000693782942909, 0.000257347129264 ], [ 0.000693782942909, 0.000257347086974 ], [ 0.000693782750152, 0.000257347086974 ], [ 0.000693782750152, 0.000257347044684 ], [ 0.000693782605584, 0.000257347044684 ], [ 0.000693782605584, 0.000257347002395 ], [ 0.000693782364637, 0.000257347002395 ], [ 0.000693782364637, 0.000257346960105 ], [ 0.000693782171879, 0.000257346960105 ], [ 0.000693782171879, 0.000257347002395 ], [ 0.000693781979122, 0.000257347002395 ], [ 0.000693781979122, 0.000257347044684 ], [ 0.000693781930932, 0.000257347044684 ], [ 0.000693781930932, 0.000257347086974 ], [ 0.000693781882743, 0.000257347086974 ], [ 0.000693781882743, 0.000257347129264 ], [ 0.000693781834554, 0.000257347129264 ], [ 0.000693781834554, 0.000257347213843 ], [ 0.000693781882743, 0.000257347213843 ], [ 0.000693781882743, 0.000257347340712 ], [ 0.000693781930932, 0.000257347340712 ], [ 0.000693781930932, 0.000257347467582 ], [ 0.000693781979122, 0.000257347467582 ], [ 0.000693781979122, 0.000257347594451 ], [ 0.000693782027311, 0.000257347594451 ], [ 0.000693782027311, 0.00025734776361 ], [ 0.000693782075501, 0.00025734776361 ], [ 0.000693782075501, 0.000257347848189 ], [ 0.00069378212369, 0.000257347848189 ], [ 0.00069378212369, 0.000257347932768 ], [ 0.000693782171879, 0.000257347932768 ], [ 0.000693782171879, 0.000257348059638 ], [ 0.000693782220069, 0.000257348059638 ], [ 0.000693782220069, 0.000257348186507 ], [ 0.000693782268258, 0.000257348186507 ], [ 0.000693782268258, 0.000257348313376 ], [ 0.000693782316447, 0.000257348313376 ], [ 0.000693782316447, 0.000257348440245 ] ] ] } },
{ "type": "Feature", "properties": { "value": 111.0, "area_m2": 1.6667577239333608e-08 }, "geometry": { "type": "Polygon", "coordinates": [ [ [ 0.000693796628695, 0.000257347890479 ], [ 0.000693796869642, 0.000257347890479 ], [ 0.000693796869642, 0.000257347848189 ], [ 0.000693797014211, 0.000257347848189 ], [ 0.000693797014211, 0.000257347805899 ], [ 0.000693797110589, 0.000257347805899 ], [ 0.000693797110589, 0.00025734776361 ], [ 0.000693797206968, 0.00025734776361 ], [ 0.000693797206968, 0.00025734772132 ], [ 0.000693797303347, 0.00025734772132 ], [ 0.000693797303347, 0.00025734763674 ], [ 0.000693797351536, 0.00025734763674 ], [ 0.000693797351536, 0.000257347594451 ], [ 0.000693797399726, 0.000257347594451 ], [ 0.000693797399726, 0.000257347552161 ], [ 0.000693797447915, 0.000257347552161 ], [ 0.000693797447915, 0.000257347509871 ], [ 0.000693797496104, 0.000257347509871 ], [ 0.000693797496104, 0.000257347425292 ], [ 0.000693797544294, 0.000257347425292 ], [ 0.000693797544294, 0.000257347383002 ], [ 0.000693797592483, 0.000257347383002 ], [ 0.000693797592483, 0.000257347171554 ], [ 0.000693797544294, 0.000257347171554 ], [ 0.000693797544294, 0.000257347086974 ], [ 0.000693797496104, 0.000257347086974 ], [ 0.000693797496104, 0.000257347044684 ], [ 0.000693797447915, 0.000257347044684 ], [ 0.000693797447915, 0.000257347002395 ], [ 0.000693797399726, 0.000257347002395 ], [ 0.000693797399726, 0.000257346917815 ], [ 0.000693797351536, 0.000257346917815 ], [ 0.000693797351536, 0.000257346875526 ], [ 0.000693797303347, 0.000257346875526 ], [ 0.000693797303347, 0.000257346833236 ], [ 0.000693797206968, 0.000257346833236 ], [ 0.000693797206968, 0.000257346790946 ], [ 0.000693797158779, 0.000257346790946 ], [ 0.000693797158779, 0.000257346748657 ], [ 0.000693796966021, 0.000257346748657 ], [ 0.000693796966021, 0.000257346706367 ], [ 0.000693796869642, 0.000257346706367 ], [ 0.000693796869642, 0.000257346748657 ], [ 0.000693796676885, 0.000257346748657 ], [ 0.000693796676885, 0.000257346790946 ], [ 0.000693796580506, 0.000257346790946 ], [ 0.000693796580506, 0.000257346833236 ], [ 0.000693796435938, 0.000257346833236 ], [ 0.000693796435938, 0.000257346875526 ], [ 0.000693796146802, 0.000257346875526 ], [ 0.000693796146802, 0.000257346917815 ], [ 0.000693795809476, 0.000257346917815 ], [ 0.000693795809476, 0.000257346960105 ], [ 0.000693795761286, 0.000257346960105 ], [ 0.000693795761286, 0.000257347213843 ], [ 0.000693795809476, 0.000257347213843 ], [ 0.000693795809476, 0.000257347298423 ], [ 0.000693795857665, 0.000257347298423 ], [ 0.000693795857665, 0.000257347340712 ], [ 0.000693796050423, 0.000257347340712 ], [ 0.000693796050423, 0.000257347298423 ], [ 0.00069379624318, 0.000257347298423 ], [ 0.00069379624318, 0.000257347340712 ], [ 0.00069379629137, 0.000257347340712 ], [ 0.00069379629137, 0.000257347425292 ], [ 0.000693796339559, 0.000257347425292 ], [ 0.000693796339559, 0.000257347467582 ], [ 0.000693796387748, 0.000257347467582 ], [ 0.000693796387748, 0.000257347552161 ], [ 0.000693796435938, 0.000257347552161 ], [ 0.000693796435938, 0.00025734767903 ], [ 0.000693796484127, 0.00025734767903 ], [ 0.000693796484127, 0.00025734772132 ], [ 0.000693796532317, 0.00025734772132 ], [ 0.000693796532317, 0.000257347805899 ], [ 0.000693796580506, 0.000257347805899 ], [ 0.000693796580506, 0.000257347848189 ], [ 0.000693796628695, 0.000257347848189 ], [ 0.000693796628695, 0.000257347890479 ] ] ] } },
{ "type": "Feature", "properties": { "value": 4.0, "area_m2": 2.6264061104747521e-09 }, "geometry": { "type": "Polygon", "coordinates": [ [ [ 0.000693773979683, 0.000257347044684 ], [ 0.000693774413388, 0.000257347044684 ], [ 0.000693774413388, 0.000257346960105 ], [ 0.000693774461577, 0.000257346960105 ], [ 0.000693774461577, 0.000257346748657 ], [ 0.000693774413388, 0.000257346748657 ], [ 0.000693774413388, 0.000257346706367 ], [ 0.000693774365199, 0.000257346706367 ], [ 0.000693774365199, 0.000257346664077 ], [ 0.000693773883305, 0.000257346664077 ], [ 0.000693773883305, 0.000257346706367 ], [ 0.000693773835115, 0.000257346706367 ], [ 0.000693773835115, 0.000257346875526 ], [ 0.000693773883305, 0.000257346875526 ], [ 0.000693773883305, 0.000257346960105 ], [ 0.000693773931494, 0.000257346960105 ], [ 0.000693773931494, 0.000257347002395 ], [ 0.000693773979683, 0.000257347002395 ], [ 0.000693773979683, 0.000257347044684 ] ] ] } },
{ "type": "Feature", "properties": { "value": 31.0, "area_m2": 6.060937177882319e-09 }, "geometry": { "type": "Polygon", "coordinates": [ [ [ 0.000693802989695, 0.00025734763674 ], [ 0.000693803134263, 0.00025734763674 ], [ 0.000693803134263, 0.000257347594451 ], [ 0.000693803230641, 0.000257347594451 ], [ 0.000693803230641, 0.000257347552161 ], [ 0.000693803278831, 0.000257347552161 ], [ 0.000693803278831, 0.000257347425292 ], [ 0.00069380332702, 0.000257347425292 ], [ 0.00069380332702, 0.000257346875526 ], [ 0.00069380337521, 0.000257346875526 ], [ 0.00069380337521, 0.000257346621787 ], [ 0.00069380332702, 0.000257346621787 ], [ 0.00069380332702, 0.000257346579498 ], [ 0.000693802941505, 0.000257346579498 ], [ 0.000693802941505, 0.000257346621787 ], [ 0.000693802893316, 0.000257346621787 ], [ 0.000693802893316, 0.000257346917815 ], [ 0.000693802845126, 0.000257346917815 ], [ 0.000693802845126, 0.000257347340712 ], [ 0.000693802796937, 0.000257347340712 ], [ 0.000693802796937, 0.000257347552161 ], [ 0.000693802845126, 0.000257347552161 ], [ 0.000693802845126, 0.000257347594451 ], [ 0.000693802989695, 0.000257347594451 ], [ 0.000693802989695, 0.00025734763674 ] ] ] } },
{ "type": "Feature", "properties": { "value": 138.0, "area_m2": 4.0204216613672932e-08 }, "geometry": { "type": "Polygon", "coordinates": [ [ [ 0.000693802941505, 0.000257348186507 ], [ 0.000693803808914, 0.000257348186507 ], [ 0.000693803808914, 0.000257346410339 ], [ 0.000693803519778, 0.000257346410339 ], [ 0.000693803519778, 0.000257346452629 ], [ 0.000693802652369, 0.000257346452629 ], [ 0.000693802652369, 0.000257346410339 ], [ 0.000693801833149, 0.000257346410339 ], [ 0.000693801833149, 0.000257346452629 ], [ 0.000693801495824, 0.000257346452629 ], [ 0.000693801495824, 0.000257346494918 ], [ 0.000693801447634, 0.000257346494918 ], [ 0.000693801447634, 0.000257346579498 ], [ 0.000693801399445, 0.000257346579498 ], [ 0.000693801399445, 0.000257346706367 ], [ 0.000693801447634, 0.000257346706367 ], [ 0.000693801447634, 0.000257346790946 ], [ 0.000693801399445, 0.000257346790946 ], [ 0.000693801399445, 0.000257347383002 ], [ 0.000693801351255, 0.000257347383002 ], [ 0.000693801351255, 0.00025734763674 ], [ 0.000693801399445, 0.00025734763674 ], [ 0.000693801399445, 0.00025734772132 ], [ 0.000693801447634, 0.00025734772132 ], [ 0.000693801447634, 0.00025734776361 ], [ 0.000693801495824, 0.00025734776361 ], [ 0.000693801495824, 0.000257347805899 ], [ 0.000693802170475, 0.000257347805899 ], [ 0.000693802170475, 0.000257347848189 ], [ 0.00069380255599, 0.000257347848189 ], [ 0.00069380255599, 0.000257347890479 ], [ 0.000693802604179, 0.000257347890479 ], [ 0.000693802604179, 0.000257347932768 ], [ 0.000693802652369, 0.000257347932768 ], [ 0.000693802652369, 0.000257347975058 ], [ 0.000693802700558, 0.000257347975058 ], [ 0.000693802700558, 0.000257348017348 ], [ 0.000693802796937, 0.000257348017348 ], [ 0.000693802796937, 0.000257348101927 ], [ 0.000693802845126, 0.000257348101927 ], [ 0.000693802845126, 0.000257348144217 ], [ 0.000693802941505, 0.000257348144217 ], [ 0.000693802941505, 0.000257348186507 ] ], [ [ 0.000693802989695, 0.00025734763674 ], [ 0.000693802989695, 0.000257347594451 ], [ 0.000693802845126, 0.000257347594451 ], [ 0.000693802845126, 0.000257347552161 ], [ 0.000693802796937, 0.000257347552161 ], [ 0.000693802796937, 0.000257347340712 ], [ 0.000693802845126, 0.000257347340712 ], [ 0.000693802845126, 0.000257346917815 ], [ 0.000693802893316, 0.000257346917815 ], [ 0.000693802893316, 0.000257346621787 ], [ 0.000693802941505, 0.000257346621787 ], [ 0.000693802941505, 0.000257346579498 ], [ 0.00069380332702, 0.000257346579498 ], [ 0.00069380332702, 0.000257346621787 ], [ 0.00069380337521, 0.000257346621787 ], [ 0.00069380337521, 0.000257346875526 ], [ 0.00069380332702, 0.000257346875526 ], [ 0.00069380332702, 0.000257347425292 ], [ 0.000693803278831, 0.000257347425292 ], [ 0.000693803278831, 0.000257347552161 ], [ 0.000693803230641, 0.000257347552161 ], [ 0.000693803230641, 0.000257347594451 ], [ 0.000693803134263, 0.000257347594451 ], [ 0.000693803134263, 0.00025734763674 ], [ 0.000693802989695, 0.00025734763674 ] ] ] } },
{ "type": "Feature", "properties": { "value": 35.0, "area_m2": 6.2377145122036298e-09 }, "geometry": { "type": "Polygon", "coordinates": [ [ [ 0.000693785641515, 0.000257347171554 ], [ 0.000693785930651, 0.000257347171554 ], [ 0.000693785930651, 0.000257347129264 ], [ 0.000693786123409, 0.000257347129264 ], [ 0.000693786123409, 0.000257347086974 ], [ 0.000693786171598, 0.000257347086974 ], [ 0.000693786171598, 0.000257347044684 ], [ 0.000693786219788, 0.000257347044684 ], [ 0.000693786219788, 0.000257346790946 ], [ 0.000693786171598, 0.000257346790946 ], [ 0.000693786171598, 0.000257346664077 ], [ 0.000693786123409, 0.000257346664077 ], [ 0.000693786123409, 0.000257346621787 ], [ 0.00069378607522, 0.000257346621787 ], [ 0.00069378607522, 0.000257346579498 ], [ 0.00069378602703, 0.000257346579498 ], [ 0.00069378602703, 0.000257346537208 ], [ 0.000693785930651, 0.000257346537208 ], [ 0.000693785930651, 0.000257346452629 ], [ 0.000693785882462, 0.000257346452629 ], [ 0.000693785882462, 0.000257346368049 ], [ 0.000693785737894, 0.000257346368049 ], [ 0.000693785737894, 0.000257346410339 ], [ 0.000693785545136, 0.000257346410339 ], [ 0.000693785545136, 0.000257346452629 ], [ 0.000693785400568, 0.000257346452629 ], [ 0.000693785400568, 0.000257346494918 ], [ 0.000693785352379, 0.000257346494918 ], [ 0.000693785352379, 0.000257346621787 ], [ 0.000693785400568, 0.000257346621787 ], [ 0.000693785400568, 0.000257346748657 ], [ 0.000693785448758, 0.000257346748657 ], [ 0.000693785448758, 0.000257346917815 ], [ 0.000693785496947, 0.000257346917815 ], [ 0.000693785496947, 0.000257347044684 ], [ 0.000693785545136, 0.000257347044684 ], [ 0.000693785545136, 0.000257347086974 ], [ 0.000693785593326, 0.000257347086974 ], [ 0.000693785593326, 0.000257347129264 ], [ 0.000693785641515, 0.000257347129264 ], [ 0.000693785641515, 0.000257347171554 ] ] ] } },
{ "type": "Feature", "properties": { "value": 84.0, "area_m2": 1.0833925205453448e-08 }, "geometry": { "type": "Polygon", "coordinates": [ [ [ 0.000693779955167, 0.000257347129264 ], [ 0.000693780244304, 0.000257347129264 ], [ 0.000693780244304, 0.000257347086974 ], [ 0.000693780388872, 0.000257347086974 ], [ 0.000693780388872, 0.000257347044684 ], [ 0.00069378058163, 0.000257347044684 ], [ 0.00069378058163, 0.000257347002395 ], [ 0.000693780774387, 0.000257347002395 ], [ 0.000693780774387, 0.000257346960105 ], [ 0.000693780918955, 0.000257346960105 ], [ 0.000693780918955, 0.000257346917815 ], [ 0.000693781063523, 0.000257346917815 ], [ 0.000693781063523, 0.000257346875526 ], [ 0.000693781111713, 0.000257346875526 ], [ 0.000693781111713, 0.000257346833236 ], [ 0.000693781159902, 0.000257346833236 ], [ 0.000693781159902, 0.000257346664077 ], [ 0.000693781111713, 0.000257346664077 ], [ 0.000693781111713, 0.000257346494918 ], [ 0.000693781063523, 0.000257346494918 ], [ 0.000693781063523, 0.000257346410339 ], [ 0.000693780967145, 0.000257346410339 ], [ 0.000693780967145, 0.000257346368049 ], [ 0.000693780870766, 0.000257346368049 ], [ 0.000693780870766, 0.000257346325759 ], [ 0.000693780678008, 0.000257346325759 ], [ 0.000693780678008, 0.00025734628347 ], [ 0.000693780437061, 0.00025734628347 ], [ 0.000693780437061, 0.000257346325759 ], [ 0.000693780292493, 0.000257346325759 ], [ 0.000693780292493, 0.000257346368049 ], [ 0.000693780196114, 0.000257346368049 ], [ 0.000693780196114, 0.000257346410339 ], [ 0.000693780147925, 0.000257346410339 ], [ 0.000693780147925, 0.000257346368049 ], [ 0.000693779858789, 0.000257346368049 ], [ 0.000693779858789, 0.000257346410339 ], [ 0.000693779810599, 0.000257346410339 ], [ 0.000693779810599, 0.000257346790946 ], [ 0.000693779858789, 0.000257346790946 ], [ 0.000693779858789, 0.000257346917815 ], [ 0.000693779906978, 0.000257346917815 ], [ 0.000693779906978, 0.000257347044684 ], [ 0.000693779955167, 0.000257347044684 ], [ 0.000693779955167, 0.000257347129264 ] ] ] } },
{ "type": "Feature", "properties": { "value": 59.0, "area_m2": 8.737851098190386e-09 }, "geometry": { "type": "Polygon", "coordinates": [ [ [ 0.000693782171879, 0.000257346917815 ], [ 0.000693782268258, 0.000257346917815 ], [ 0.000693782268258, 0.000257346875526 ], [ 0.000693782412826, 0.000257346875526 ], [ 0.000693782412826, 0.000257346833236 ], [ 0.000693782509205, 0.000257346833236 ], [ 0.000693782509205, 0.000257346790946 ], [ 0.000693782701963, 0.000257346790946 ], [ 0.000693782701963, 0.000257346748657 ], [ 0.000693782798341, 0.000257346748657 ], [ 0.000693782798341, 0.000257346706367 ], [ 0.00069378289472, 0.000257346706367 ], [ 0.00069378289472, 0.000257346664077 ], [ 0.000693782942909, 0.000257346664077 ], [ 0.000693782942909, 0.000257346621787 ], [ 0.000693783039288, 0.000257346621787 ], [ 0.000693783039288, 0.000257346537208 ], [ 0.000693783087478, 0.000257346537208 ], [ 0.000693783087478, 0.000257346114311 ], [ 0.000693782412826, 0.000257346114311 ], [ 0.000693782412826, 0.000257346156601 ], [ 0.000693782027311, 0.000257346156601 ], [ 0.000693782027311, 0.00025734619889 ], [ 0.000693781979122, 0.00025734619889 ], [ 0.000693781979122, 0.000257346579498 ], [ 0.000693782027311, 0.000257346579498 ], [ 0.000693782027311, 0.000257346748657 ], [ 0.000693782075501, 0.000257346748657 ], [ 0.000693782075501, 0.000257346833236 ], [ 0.00069378212369, 0.000257346833236 ], [ 0.00069378212369, 0.000257346875526 ], [ 0.000693782171879, 0.000257346875526 ], [ 0.000693782171879, 0.000257346917815 ] ] ] } },
{ "type": "Feature", "properties": { "value": 21.0, "area_m2": 4.7982419325830781e-09 }, "geometry": { "type": "Polygon", "coordinates": [ [ [ 0.000693792388029, 0.000257346368049 ], [ 0.000693792821734, 0.000257346368049 ], [ 0.000693792821734, 0.000257346325759 ], [ 0.000693792869923, 0.000257346325759 ], [ 0.000693792869923, 0.00025734628347 ], [ 0.000693792918113, 0.00025734628347 ], [ 0.000693792918113, 0.000257345733703 ], [ 0.000693792869923, 0.000257345733703 ], [ 0.000693792869923, 0.000257345691414 ], [ 0.000693792436219, 0.000257345691414 ], [ 0.000693792436219, 0.000257345733703 ], [ 0.00069379233984, 0.000257345733703 ], [ 0.00069379233984, 0.000257345818283 ], [ 0.000693792291651, 0.000257345818283 ], [ 0.000693792291651, 0.000257346029731 ], [ 0.00069379233984, 0.000257346029731 ], [ 0.00069379233984, 0.000257346325759 ], [ 0.000693792388029, 0.000257346325759 ], [ 0.000693792388029, 0.000257346368049 ] ] ] } },
{ "type": "Feature", "properties": { "value": 39.0, "area_m2": 6.4397457515750058e-09 }, "geometry": { "type": "Polygon", "coordinates": [ [ [ 0.000693790219507, 0.000257346410339 ], [ 0.000693790701401, 0.000257346410339 ], [ 0.000693790701401, 0.000257346368049 ], [ 0.00069379074959, 0.000257346368049 ], [ 0.00069379074959, 0.000257346325759 ], [ 0.00069379079778, 0.000257346325759 ], [ 0.00069379079778, 0.000257345902862 ], [ 0.000693790845969, 0.000257345902862 ], [ 0.000693790845969, 0.000257345733703 ], [ 0.00069379079778, 0.000257345733703 ], [ 0.00069379079778, 0.000257345606834 ], [ 0.00069379074959, 0.000257345606834 ], [ 0.00069379074959, 0.000257345564545 ], [ 0.000693790267696, 0.000257345564545 ], [ 0.000693790267696, 0.000257345606834 ], [ 0.000693790219507, 0.000257345606834 ], [ 0.000693790219507, 0.000257345649124 ], [ 0.000693790171318, 0.000257345649124 ], [ 0.000693790171318, 0.000257346325759 ], [ 0.000693790219507, 0.000257346325759 ], [ 0.000693790219507, 0.000257346410339 ] ] ] } },
{ "type": "Feature", "properties": { "value": 135.0, "area_m2": 4.0254724423430014e-08 }, "geometry": { "type": "Polygon", "coordinates": [ [ [ 0.000693775184418, 0.000257347044684 ], [ 0.000693775521744, 0.000257347044684 ], [ 0.000693775521744, 0.000257347002395 ], [ 0.000693775666312, 0.000257347002395 ], [ 0.000693775666312, 0.000257346960105 ], [ 0.00069377581088, 0.000257346960105 ], [ 0.00069377581088, 0.000257346917815 ], [ 0.000693775955448, 0.000257346917815 ], [ 0.000693775955448, 0.000257346875526 ], [ 0.000693776003638, 0.000257346875526 ], [ 0.000693776003638, 0.000257346833236 ], [ 0.000693776148206, 0.000257346833236 ], [ 0.000693776148206, 0.000257346790946 ], [ 0.000693776340963, 0.000257346790946 ], [ 0.000693776340963, 0.000257346748657 ], [ 0.000693776485532, 0.000257346748657 ], [ 0.000693776485532, 0.000257346706367 ], [ 0.0006937766301, 0.000257346706367 ], [ 0.0006937766301, 0.000257346664077 ], [ 0.000693776774668, 0.000257346664077 ], [ 0.000693776774668, 0.000257346621787 ], [ 0.000693777015615, 0.000257346621787 ], [ 0.000693777015615, 0.000257346579498 ], [ 0.000693777208372, 0.000257346579498 ], [ 0.000693777208372, 0.000257346537208 ], [ 0.00069377740113, 0.000257346537208 ], [ 0.00069377740113, 0.000257346494918 ], [ 0.000693777497509, 0.000257346494918 ], [ 0.000693777497509, 0.000257346452629 ], [ 0.000693777593888, 0.000257346452629 ], [ 0.000693777593888, 0.000257346114311 ], [ 0.000693777545698, 0.000257346114311 ], [ 0.000693777545698, 0.000257345945152 ], [ 0.000693777497509, 0.000257345945152 ], [ 0.000693777497509, 0.000257345733703 ], [ 0.000693777449319, 0.000257345733703 ], [ 0.000693777449319, 0.000257345564545 ], [ 0.00069377740113, 0.000257345564545 ], [ 0.00069377740113, 0.000257345522255 ], [ 0.000693777352941, 0.000257345522255 ], [ 0.000693777352941, 0.000257345479965 ], [ 0.000693777304751, 0.000257345479965 ], [ 0.000693777304751, 0.000257345437675 ], [ 0.000693777208372, 0.000257345437675 ], [ 0.000693777208372, 0.000257345395386 ], [ 0.000693776919236, 0.000257345395386 ], [ 0.000693776919236, 0.000257345437675 ], [ 0.00069377585907, 0.000257345437675 ], [ 0.00069377585907, 0.000257345479965 ], [ 0.000693775666312, 0.000257345479965 ], [ 0.000693775666312, 0.000257345522255 ], [ 0.000693775473554, 0.000257345522255 ], [ 0.000693775473554, 0.000257345564545 ], [ 0.000693775377176, 0.000257345564545 ], [ 0.000693775377176, 0.000257345606834 ], [ 0.000693775328986, 0.000257345606834 ], [ 0.000693775328986, 0.000257345649124 ], [ 0.000693775280797, 0.000257345649124 ], [ 0.000693775280797, 0.000257345691414 ], [ 0.000693775184418, 0.000257345691414 ], [ 0.000693775184418, 0.000257345733703 ], [ 0.000693775088039, 0.000257345733703 ], [ 0.000693775088039, 0.000257345775993 ], [ 0.000693774991661, 0.000257345775993 ], [ 0.000693774991661, 0.000257345818283 ], [ 0.000693774943471, 0.000257345818283 ], [ 0.000693774943471, 0.000257345860573 ], [ 0.000693774895282, 0.000257345860573 ], [ 0.000693774895282, 0.000257345987442 ], [ 0.000693774943471, 0.000257345987442 ], [ 0.000693774943471, 0.000257346114311 ], [ 0.000693774991661, 0.000257346114311 ], [ 0.000693774991661, 0.000257346325759 ], [ 0.00069377503985, 0.000257346325759 ], [ 0.00069377503985, 0.000257346537208 ], [ 0.000693775088039, 0.000257346537208 ], [ 0.000693775088039, 0.000257346833236 ], [ 0.000693775136229, 0.000257346833236 ], [ 0.000693775136229, 0.000257347002395 ], [ 0.000693775184418, 0.000257347002395 ], [ 0.000693775184418, 0.000257347044684 ] ] ] } },
{ "type": "Feature", "properties": { "value": 28.0, "area_m2": 5.7578903189396045e-09 }, "geometry": { "type": "Polygon", "coordinates": [ [ [ 0.000693789111151, 0.000257345902862 ], [ 0.000693789303909, 0.000257345902862 ], [ 0.000693789303909, 0.000257345860573 ], [ 0.000693789400287, 0.000257345860573 ], [ 0.000693789400287, 0.000257345818283 ], [ 0.000693789496666, 0.000257345818283 ], [ 0.000693789496666, 0.000257345775993 ], [ 0.000693789593045, 0.000257345775993 ], [ 0.000693789593045, 0.000257345733703 ], [ 0.000693789641234, 0.000257345733703 ], [ 0.000693789641234, 0.000257345649124 ], [ 0.000693789689424, 0.000257345649124 ], [ 0.000693789689424, 0.000257345564545 ], [ 0.000693789641234, 0.000257345564545 ], [ 0.000693789641234, 0.000257345437675 ], [ 0.000693789593045, 0.000257345437675 ], [ 0.000693789593045, 0.000257345268517 ], [ 0.000693789544856, 0.000257345268517 ], [ 0.000693789544856, 0.000257345226227 ], [ 0.000693789496666, 0.000257345226227 ], [ 0.000693789496666, 0.000257345183937 ], [ 0.000693789111151, 0.000257345183937 ], [ 0.000693789111151, 0.000257345226227 ], [ 0.000693788966583, 0.000257345226227 ], [ 0.000693788966583, 0.000257345268517 ], [ 0.000693788918393, 0.000257345268517 ], [ 0.000693788918393, 0.000257345353096 ], [ 0.000693788870204, 0.000257345353096 ], [ 0.000693788870204, 0.000257345691414 ], [ 0.000693788918393, 0.000257345691414 ], [ 0.000693788918393, 0.000257345775993 ], [ 0.000693788966583, 0.000257345775993 ], [ 0.000693788966583, 0.000257345818283 ], [ 0.000693789014772, 0.000257345818283 ], [ 0.000693789014772, 0.000257345860573 ], [ 0.000693789111151, 0.000257345860573 ], [ 0.000693789111151, 0.000257345902862 ] ] ] } },
{ "type": "Feature", "properties": { "value": 78.0, "area_m2": 1.0227831487758602e-08 }, "geometry": { "type": "Polygon", "coordinates": [ [ [ 0.000693800098331, 0.000257345733703 ], [ 0.000693800146521, 0.000257345733703 ], [ 0.000693800146521, 0.000257345691414 ], [ 0.000693800242899, 0.000257345691414 ], [ 0.000693800242899, 0.000257345649124 ], [ 0.000693800339278, 0.000257345649124 ], [ 0.000693800339278, 0.000257345606834 ], [ 0.000693800387468, 0.000257345606834 ], [ 0.000693800387468, 0.000257345564545 ], [ 0.000693800435657, 0.000257345564545 ], [ 0.000693800435657, 0.000257345522255 ], [ 0.000693800483846, 0.000257345522255 ], [ 0.000693800483846, 0.000257345395386 ], [ 0.000693800532036, 0.000257345395386 ], [ 0.000693800532036, 0.00025734484562 ], [ 0.000693800483846, 0.00025734484562 ], [ 0.000693800483846, 0.00025734476104 ], [ 0.000693800435657, 0.00025734476104 ], [ 0.000693800435657, 0.00025734471875 ], [ 0.000693800387468, 0.00025734471875 ], [ 0.000693800387468, 0.000257344676461 ], [ 0.000693800339278, 0.000257344676461 ], [ 0.000693800339278, 0.000257344634171 ], [ 0.000693800291089, 0.000257344634171 ], [ 0.000693800291089, 0.000257344591881 ], [ 0.000693800050142, 0.000257344591881 ], [ 0.000693800050142, 0.000257344634171 ], [ 0.000693800001953, 0.000257344634171 ], [ 0.000693800001953, 0.000257344676461 ], [ 0.000693799857384, 0.000257344676461 ], [ 0.000693799857384, 0.00025734471875 ], [ 0.000693799761006, 0.00025734471875 ], [ 0.000693799761006, 0.00025734476104 ], [ 0.000693799712816, 0.00025734476104 ], [ 0.000693799712816, 0.00025734480333 ], [ 0.000693799664627, 0.00025734480333 ], [ 0.000693799664627, 0.00025734484562 ], [ 0.000693799616437, 0.00025734484562 ], [ 0.000693799616437, 0.000257344887909 ], [ 0.000693799568248, 0.000257344887909 ], [ 0.000693799568248, 0.000257344930199 ], [ 0.000693799520059, 0.000257344930199 ], [ 0.000693799520059, 0.000257344972489 ], [ 0.000693799471869, 0.000257344972489 ], [ 0.000693799471869, 0.000257345014778 ], [ 0.000693799520059, 0.000257345014778 ], [ 0.000693799520059, 0.000257345141647 ], [ 0.000693799568248, 0.000257345141647 ], [ 0.000693799568248, 0.000257345183937 ], [ 0.000693799616437, 0.000257345183937 ], [ 0.000693799616437, 0.000257345268517 ], [ 0.000693799664627, 0.000257345268517 ], [ 0.000693799664627, 0.000257345310806 ], [ 0.000693799712816, 0.000257345310806 ], [ 0.000693799712816, 0.000257345395386 ], [ 0.000693799761006, 0.000257345395386 ], [ 0.000693799761006, 0.000257345479965 ], [ 0.000693799809195, 0.000257345479965 ], [ 0.000693799809195, 0.000257345522255 ], [ 0.000693799857384, 0.000257345522255 ], [ 0.000693799857384, 0.000257345564545 ], [ 0.000693799905574, 0.000257345564545 ], [ 0.000693799905574, 0.000257345606834 ], [ 0.000693799953763, 0.000257345606834 ], [ 0.000693799953763, 0.000257345649124 ], [ 0.000693800001953, 0.000257345649124 ], [ 0.000693800001953, 0.000257345691414 ], [ 0.000693800098331, 0.000257345691414 ], [ 0.000693800098331, 0.000257345733703 ] ] ] } },
{ "type": "Feature", "properties": { "value": 104.0, "area_m2": 1.5076581230003471e-08 }, "geometry": { "type": "Polygon", "coordinates": [ [ [ 0.000693791279673, 0.000257345691414 ], [ 0.000693791857946, 0.000257345691414 ], [ 0.000693791857946, 0.000257345649124 ], [ 0.000693792002514, 0.000257345649124 ], [ 0.000693792002514, 0.000257345606834 ], [ 0.00069379233984, 0.000257345606834 ], [ 0.00069379233984, 0.000257345564545 ], [ 0.000693792436219, 0.000257345564545 ], [ 0.000693792436219, 0.000257345522255 ], [ 0.000693792580787, 0.000257345522255 ], [ 0.000693792580787, 0.000257345226227 ], [ 0.000693792532598, 0.000257345226227 ], [ 0.000693792532598, 0.000257345099358 ], [ 0.000693792484408, 0.000257345099358 ], [ 0.000693792484408, 0.000257345057068 ], [ 0.000693792436219, 0.000257345057068 ], [ 0.000693792436219, 0.000257344972489 ], [ 0.000693792388029, 0.000257344972489 ], [ 0.000693792388029, 0.000257344887909 ], [ 0.00069379233984, 0.000257344887909 ], [ 0.00069379233984, 0.00025734480333 ], [ 0.000693792291651, 0.00025734480333 ], [ 0.000693792291651, 0.00025734476104 ], [ 0.000693792243461, 0.00025734476104 ], [ 0.000693792243461, 0.00025734471875 ], [ 0.000693792147082, 0.00025734471875 ], [ 0.000693792147082, 0.000257344676461 ], [ 0.000693792098893, 0.000257344676461 ], [ 0.000693792098893, 0.000257344634171 ], [ 0.000693792002514, 0.000257344634171 ], [ 0.000693792002514, 0.000257344591881 ], [ 0.000693791472431, 0.000257344591881 ], [ 0.000693791472431, 0.000257344634171 ], [ 0.000693791424242, 0.000257344634171 ], [ 0.000693791424242, 0.00025734484562 ], [ 0.000693791472431, 0.00025734484562 ], [ 0.000693791472431, 0.000257344887909 ], [ 0.000693791424242, 0.000257344887909 ], [ 0.000693791424242, 0.000257344930199 ], [ 0.000693791327863, 0.000257344930199 ], [ 0.000693791327863, 0.000257344972489 ], [ 0.000693791231484, 0.000257344972489 ], [ 0.000693791231484, 0.000257345014778 ], [ 0.000693791183295, 0.000257345014778 ], [ 0.000693791183295, 0.000257345606834 ], [ 0.000693791231484, 0.000257345606834 ], [ 0.000693791231484, 0.000257345649124 ], [ 0.000693791279673, 0.000257345649124 ], [ 0.000693791279673, 0.000257345691414 ] ] ] } },
{ "type": "Feature", "properties": { "value": 132.0, "area_m2": 3.0759256177949545e-08 }, "geometry": { "type": "Polygon", "coordinates": [ [ [ 0.000693773738737, 0.00025734619889 ], [ 0.000693773883305, 0.00025734619889 ], [ 0.000693773883305, 0.000257346156601 ], [ 0.000693773979683, 0.000257346156601 ], [ 0.000693773979683, 0.000257346114311 ], [ 0.000693774027873, 0.000257346114311 ], [ 0.000693774027873, 0.000257346072021 ], [ 0.000693774124252, 0.000257346072021 ], [ 0.000693774124252, 0.000257346029731 ], [ 0.00069377422063, 0.000257346029731 ], [ 0.00069377422063, 0.000257345987442 ], [ 0.000693774317009, 0.000257345987442 ], [ 0.000693774317009, 0.000257345945152 ], [ 0.000693774461577, 0.000257345945152 ], [ 0.000693774461577, 0.000257345902862 ], [ 0.000693774557956, 0.000257345902862 ], [ 0.000693774557956, 0.000257345860573 ], [ 0.000693774702524, 0.000257345860573 ], [ 0.000693774702524, 0.000257345818283 ], [ 0.000693774798903, 0.000257345818283 ], [ 0.000693774798903, 0.000257345775993 ], [ 0.000693774895282, 0.000257345775993 ], [ 0.000693774895282, 0.000257345733703 ], [ 0.000693774991661, 0.000257345733703 ], [ 0.000693774991661, 0.000257345691414 ], [ 0.000693775184418, 0.000257345691414 ], [ 0.000693775184418, 0.000257345649124 ], [ 0.000693775280797, 0.000257345649124 ], [ 0.000693775280797, 0.000257345606834 ], [ 0.000693775328986, 0.000257345606834 ], [ 0.000693775328986, 0.000257345564545 ], [ 0.000693775377176, 0.000257345564545 ], [ 0.000693775377176, 0.000257345353096 ], [ 0.000693775328986, 0.000257345353096 ], [ 0.000693775328986, 0.000257345183937 ], [ 0.000693775280797, 0.000257345183937 ], [ 0.000693775280797, 0.000257345099358 ], [ 0.000693775232608, 0.000257345099358 ], [ 0.000693775232608, 0.000257345057068 ], [ 0.000693775184418, 0.000257345057068 ], [ 0.000693775184418, 0.000257344887909 ], [ 0.000693775136229, 0.000257344887909 ], [ 0.000693775136229, 0.00025734471875 ], [ 0.000693775088039, 0.00025734471875 ], [ 0.000693775088039, 0.000257344591881 ], [ 0.00069377503985, 0.000257344591881 ], [ 0.00069377503985, 0.000257344549592 ], [ 0.000693774991661, 0.000257344549592 ], [ 0.000693774991661, 0.000257344507302 ], [ 0.000693774943471, 0.000257344507302 ], [ 0.000693774943471, 0.000257344465012 ], [ 0.000693774557956, 0.000257344465012 ], [ 0.000693774557956, 0.000257344507302 ], [ 0.000693774413388, 0.000257344507302 ], [ 0.000693774413388, 0.000257344549592 ], [ 0.00069377422063, 0.000257344549592 ], [ 0.00069377422063, 0.000257344591881 ], [ 0.000693774076062, 0.000257344591881 ], [ 0.000693774076062, 0.000257344634171 ], [ 0.000693773931494, 0.000257344634171 ], [ 0.000693773931494, 0.000257344676461 ], [ 0.000693773690547, 0.000257344676461 ], [ 0.000693773690547, 0.00025734471875 ], [ 0.000693773545979, 0.00025734471875 ], [ 0.000693773545979, 0.00025734476104 ], [ 0.0006937734496, 0.00025734476104 ], [ 0.0006937734496, 0.00025734480333 ], [ 0.000693773401411, 0.00025734480333 ], [ 0.000693773401411, 0.00025734484562 ], [ 0.000693773353221, 0.00025734484562 ], [ 0.000693773353221, 0.000257344887909 ], [ 0.000693773305032, 0.000257344887909 ], [ 0.000693773305032, 0.000257344930199 ], [ 0.000693773256843, 0.000257344930199 ], [ 0.000693773256843, 0.000257345057068 ], [ 0.000693773305032, 0.000257345057068 ], [ 0.000693773305032, 0.000257345226227 ], [ 0.000693773353221, 0.000257345226227 ], [ 0.000693773353221, 0.000257345353096 ], [ 0.000693773401411, 0.000257345353096 ], [ 0.000693773401411, 0.000257345479965 ], [ 0.0006937734496, 0.000257345479965 ], [ 0.0006937734496, 0.000257345691414 ], [ 0.00069377349779, 0.000257345691414 ], [ 0.00069377349779, 0.000257345818283 ], [ 0.000693773545979, 0.000257345818283 ], [ 0.000693773545979, 0.000257345860573 ], [ 0.000693773594168, 0.000257345860573 ], [ 0.000693773594168, 0.000257346029731 ], [ 0.000693773642358, 0.000257346029731 ], [ 0.000693773642358, 0.000257346114311 ], [ 0.000693773690547, 0.000257346114311 ], [ 0.000693773690547, 0.000257346156601 ], [ 0.000693773738737, 0.000257346156601 ], [ 0.000693773738737, 0.00025734619889 ] ] ] } },
{ "type": "Feature", "properties": { "value": 47.0, "area_m2": 7.1973628988079134e-09 }, "geometry": { "type": "Polygon", "coordinates": [ [ [ 0.000693802266854, 0.000257345099358 ], [ 0.000693802507801, 0.000257345099358 ], [ 0.000693802507801, 0.000257345057068 ], [ 0.000693802941505, 0.000257345057068 ], [ 0.000693802941505, 0.000257345014778 ], [ 0.000693802989695, 0.000257345014778 ], [ 0.000693802989695, 0.00025734480333 ], [ 0.000693802941505, 0.00025734480333 ], [ 0.000693802941505, 0.000257344591881 ], [ 0.000693802893316, 0.000257344591881 ], [ 0.000693802893316, 0.000257344549592 ], [ 0.000693802845126, 0.000257344549592 ], [ 0.000693802845126, 0.000257344465012 ], [ 0.000693802748748, 0.000257344465012 ], [ 0.000693802748748, 0.000257344422722 ], [ 0.000693802363232, 0.000257344422722 ], [ 0.000693802363232, 0.000257344465012 ], [ 0.000693802266854, 0.000257344465012 ], [ 0.000693802266854, 0.000257344507302 ], [ 0.000693802170475, 0.000257344507302 ], [ 0.000693802170475, 0.000257344549592 ], [ 0.000693802025907, 0.000257344549592 ], [ 0.000693802025907, 0.000257344591881 ], [ 0.000693801881339, 0.000257344591881 ], [ 0.000693801881339, 0.000257344634171 ], [ 0.000693801929528, 0.000257344634171 ], [ 0.000693801929528, 0.00025734480333 ], [ 0.000693801977717, 0.00025734480333 ], [ 0.000693801977717, 0.000257344972489 ], [ 0.000693802025907, 0.000257344972489 ], [ 0.000693802025907, 0.000257345014778 ], [ 0.000693802074096, 0.000257345014778 ], [ 0.000693802074096, 0.000257345057068 ], [ 0.000693802266854, 0.000257345057068 ], [ 0.000693802266854, 0.000257345099358 ] ] ] } },
{ "type": "Feature", "properties": { "value": 134.0, "area_m2": 3.8411189365047652e-08 }, "geometry": { "type": "Polygon", "coordinates": [ [ [ 0.00069378371394, 0.000257346452629 ], [ 0.000693783810318, 0.000257346452629 ], [ 0.000693783810318, 0.000257346410339 ], [ 0.000693783906697, 0.000257346410339 ], [ 0.000693783906697, 0.000257346368049 ], [ 0.000693784051265, 0.000257346368049 ], [ 0.000693784051265, 0.000257346325759 ], [ 0.000693784195834, 0.000257346325759 ], [ 0.000693784195834, 0.00025734628347 ], [ 0.000693784340402, 0.00025734628347 ], [ 0.000693784340402, 0.00025734624118 ], [ 0.000693784533159, 0.00025734624118 ], [ 0.000693784533159, 0.00025734619889 ], [ 0.000693784629538, 0.00025734619889 ], [ 0.000693784629538, 0.000257346156601 ], [ 0.000693784774106, 0.000257346156601 ], [ 0.000693784774106, 0.000257346114311 ], [ 0.000693784870485, 0.000257346114311 ], [ 0.000693784870485, 0.000257346072021 ], [ 0.000693784918674, 0.000257346072021 ], [ 0.000693784918674, 0.000257345775993 ], [ 0.000693784870485, 0.000257345775993 ], [ 0.000693784870485, 0.000257345691414 ], [ 0.000693784918674, 0.000257345691414 ], [ 0.000693784918674, 0.000257345606834 ], [ 0.000693784870485, 0.000257345606834 ], [ 0.000693784870485, 0.000257345395386 ], [ 0.000693784822296, 0.000257345395386 ], [ 0.000693784822296, 0.000257345310806 ], [ 0.000693784774106, 0.000257345310806 ], [ 0.000693784774106, 0.000257345226227 ], [ 0.000693784725917, 0.000257345226227 ], [ 0.000693784725917, 0.000257345183937 ], [ 0.000693784677727, 0.000257345183937 ], [ 0.000693784677727, 0.000257345099358 ], [ 0.000693784629538, 0.000257345099358 ], [ 0.000693784629538, 0.000257345014778 ], [ 0.000693784581349, 0.000257345014778 ], [ 0.000693784581349, 0.000257344887909 ], [ 0.000693784533159, 0.000257344887909 ], [ 0.000693784533159, 0.00025734471875 ], [ 0.00069378448497, 0.00025734471875 ], [ 0.00069378448497, 0.000257344549592 ], [ 0.000693784533159, 0.000257344549592 ], [ 0.000693784533159, 0.000257344168984 ], [ 0.000693784292212, 0.000257344168984 ], [ 0.000693784292212, 0.000257344211274 ], [ 0.000693784195834, 0.000257344211274 ], [ 0.000693784195834, 0.000257344253564 ], [ 0.000693784147644, 0.000257344253564 ], [ 0.000693784147644, 0.000257344295853 ], [ 0.000693783906697, 0.000257344295853 ], [ 0.000693783906697, 0.000257344338143 ], [ 0.000693783810318, 0.000257344338143 ], [ 0.000693783810318, 0.000257344380433 ], [ 0.000693783762129, 0.000257344380433 ], [ 0.000693783762129, 0.000257344422722 ], [ 0.000693783617561, 0.000257344422722 ], [ 0.000693783617561, 0.000257344465012 ], [ 0.000693783569372, 0.000257344465012 ], [ 0.000693783569372, 0.000257344507302 ], [ 0.000693783521182, 0.000257344507302 ], [ 0.000693783521182, 0.000257344549592 ], [ 0.000693783424803, 0.000257344549592 ], [ 0.000693783424803, 0.000257344591881 ], [ 0.000693783328425, 0.000257344591881 ], [ 0.000693783328425, 0.000257344634171 ], [ 0.000693783280235, 0.000257344634171 ], [ 0.000693783280235, 0.000257344676461 ], [ 0.000693783183856, 0.000257344676461 ], [ 0.000693783183856, 0.00025734471875 ], [ 0.000693783087478, 0.00025734471875 ], [ 0.000693783087478, 0.00025734476104 ], [ 0.000693782942909, 0.00025734476104 ], [ 0.000693782942909, 0.00025734480333 ], [ 0.000693782846531, 0.00025734480333 ], [ 0.000693782846531, 0.00025734484562 ], [ 0.000693782750152, 0.00025734484562 ], [ 0.000693782750152, 0.000257344930199 ], [ 0.000693782701963, 0.000257344930199 ], [ 0.000693782701963, 0.000257345057068 ], [ 0.000693782750152, 0.000257345057068 ], [ 0.000693782750152, 0.000257345141647 ], [ 0.000693782798341, 0.000257345141647 ], [ 0.000693782798341, 0.000257345268517 ], [ 0.000693782846531, 0.000257345268517 ], [ 0.000693782846531, 0.000257345437675 ], [ 0.00069378289472, 0.000257345437675 ], [ 0.00069378289472, 0.000257345564545 ], [ 0.000693782942909, 0.000257345564545 ], [ 0.000693782942909, 0.000257345606834 ], [ 0.000693782991099, 0.000257345606834 ], [ 0.000693782991099, 0.000257345691414 ], [ 0.000693783376614, 0.000257345691414 ], [ 0.000693783376614, 0.000257345733703 ], [ 0.000693783424803, 0.000257345733703 ], [ 0.000693783424803, 0.000257345860573 ], [ 0.000693783472993, 0.000257345860573 ], [ 0.000693783472993, 0.000257345987442 ], [ 0.000693783521182, 0.000257345987442 ], [ 0.000693783521182, 0.000257346072021 ], [ 0.000693783569372, 0.000257346072021 ], [ 0.000693783569372, 0.000257346156601 ], [ 0.000693783617561, 0.000257346156601 ], [ 0.000693783617561, 0.00025734619889 ], [ 0.00069378366575, 0.00025734619889 ], [ 0.00069378366575, 0.000257346410339 ], [ 0.00069378371394, 0.000257346410339 ], [ 0.00069378371394, 0.000257346452629 ] ] ] } },
{ "type": "Feature", "properties": { "value": 72.0, "area_m2": 9.7227533896732105e-09 }, "geometry": { "type": "Polygon", "coordinates": [ [ [ 0.000693771281078, 0.00025734484562 ], [ 0.000693771377457, 0.00025734484562 ], [ 0.000693771377457, 0.00025734480333 ], [ 0.000693771522025, 0.00025734480333 ], [ 0.000693771522025, 0.00025734476104 ], [ 0.000693771570214, 0.00025734476104 ], [ 0.000693771570214, 0.00025734471875 ], [ 0.000693771666593, 0.00025734471875 ], [ 0.000693771666593, 0.000257344634171 ], [ 0.000693771714782, 0.000257344634171 ], [ 0.000693771714782, 0.000257344295853 ], [ 0.000693771666593, 0.000257344295853 ], [ 0.000693771666593, 0.000257344211274 ], [ 0.000693771618404, 0.000257344211274 ], [ 0.000693771618404, 0.000257344084405 ], [ 0.000693771570214, 0.000257344084405 ], [ 0.000693771570214, 0.000257343999825 ], [ 0.000693771522025, 0.000257343999825 ], [ 0.000693771522025, 0.000257343872956 ], [ 0.000693771473835, 0.000257343872956 ], [ 0.000693771473835, 0.000257343830666 ], [ 0.000693771425646, 0.000257343830666 ], [ 0.000693771425646, 0.000257343746087 ], [ 0.000693771377457, 0.000257343746087 ], [ 0.000693771377457, 0.000257343661508 ], [ 0.000693771329267, 0.000257343661508 ], [ 0.000693771329267, 0.000257343534638 ], [ 0.000693771281078, 0.000257343534638 ], [ 0.000693771281078, 0.000257343450059 ], [ 0.000693770895563, 0.000257343450059 ], [ 0.000693770895563, 0.000257343492349 ], [ 0.000693770847373, 0.000257343492349 ], [ 0.000693770847373, 0.000257343534638 ], [ 0.000693770799184, 0.000257343534638 ], [ 0.000693770799184, 0.000257343872956 ], [ 0.000693770847373, 0.000257343872956 ], [ 0.000693770847373, 0.000257343999825 ], [ 0.000693770895563, 0.000257343999825 ], [ 0.000693770895563, 0.000257344042115 ], [ 0.000693770943752, 0.000257344042115 ], [ 0.000693770943752, 0.000257344126694 ], [ 0.000693770991941, 0.000257344126694 ], [ 0.000693770991941, 0.000257344168984 ], [ 0.000693771040131, 0.000257344168984 ], [ 0.000693771040131, 0.000257344295853 ], [ 0.00069377108832, 0.000257344295853 ], [ 0.00069377108832, 0.000257344422722 ], [ 0.00069377113651, 0.000257344422722 ], [ 0.00069377113651, 0.000257344676461 ], [ 0.000693771184699, 0.000257344676461 ], [ 0.000693771184699, 0.00025734480333 ], [ 0.000693771281078, 0.00025734480333 ], [ 0.000693771281078, 0.00025734484562 ] ] ] } },
{ "type": "Feature", "properties": { "value": 137.0, "area_m2": 2.5253904897599191e-11 }, "geometry": { "type": "Polygon", "coordinates": [ [ [ 0.000693772485812, 0.000257343069452 ], [ 0.000693772534002, 0.000257343069452 ], [ 0.000693772534002, 0.000257343027162 ], [ 0.000693772485812, 0.000257343027162 ], [ 0.000693772485812, 0.000257343069452 ] ] ] } },
{ "type": "Feature", "properties": { "value": 137.0, "area_m2": 2.4572049475636405e-08 }, "geometry": { "type": "Polygon", "coordinates": [ [ [ 0.000693772967706, 0.000257344295853 ], [ 0.000693773208653, 0.000257344295853 ], [ 0.000693773208653, 0.000257344253564 ], [ 0.000693773305032, 0.000257344253564 ], [ 0.000693773305032, 0.000257344211274 ], [ 0.00069377349779, 0.000257344211274 ], [ 0.00069377349779, 0.000257344168984 ], [ 0.000693773642358, 0.000257344168984 ], [ 0.000693773642358, 0.000257344126694 ], [ 0.000693773786926, 0.000257344126694 ], [ 0.000693773786926, 0.000257344084405 ], [ 0.000693773979683, 0.000257344084405 ], [ 0.000693773979683, 0.000257344042115 ], [ 0.000693774027873, 0.000257344042115 ], [ 0.000693774027873, 0.000257343999825 ], [ 0.000693774076062, 0.000257343999825 ], [ 0.000693774076062, 0.000257343915246 ], [ 0.000693774124252, 0.000257343915246 ], [ 0.000693774124252, 0.000257343872956 ], [ 0.000693774702524, 0.000257343872956 ], [ 0.000693774702524, 0.000257343830666 ], [ 0.000693774750714, 0.000257343830666 ], [ 0.000693774750714, 0.000257343788377 ], [ 0.000693774798903, 0.000257343788377 ], [ 0.000693774798903, 0.000257343576928 ], [ 0.000693774750714, 0.000257343576928 ], [ 0.000693774750714, 0.000257343407769 ], [ 0.000693774702524, 0.000257343407769 ], [ 0.000693774702524, 0.0002573432809 ], [ 0.000693774606146, 0.0002573432809 ], [ 0.000693774606146, 0.00025734323861 ], [ 0.000693774557956, 0.00025734323861 ], [ 0.000693774557956, 0.000257343196321 ], [ 0.000693774509767, 0.000257343196321 ], [ 0.000693774509767, 0.000257343069452 ], [ 0.000693774557956, 0.000257343069452 ], [ 0.000693774557956, 0.000257342858003 ], [ 0.000693774509767, 0.000257342858003 ], [ 0.000693774509767, 0.000257342984872 ], [ 0.000693774461577, 0.000257342984872 ], [ 0.000693774461577, 0.000257343027162 ], [ 0.000693774317009, 0.000257343027162 ], [ 0.000693774317009, 0.000257343069452 ], [ 0.000693774124252, 0.000257343069452 ], [ 0.000693774124252, 0.000257343111741 ], [ 0.000693773931494, 0.000257343111741 ], [ 0.000693773931494, 0.000257343154031 ], [ 0.000693773642358, 0.000257343154031 ], [ 0.000693773642358, 0.000257343111741 ], [ 0.000693772871328, 0.000257343111741 ], [ 0.000693772871328, 0.000257343069452 ], [ 0.000693772823138, 0.000257343069452 ], [ 0.000693772823138, 0.000257343111741 ], [ 0.00069377267857, 0.000257343111741 ], [ 0.00069377267857, 0.000257343154031 ], [ 0.000693772630381, 0.000257343154031 ], [ 0.000693772630381, 0.000257343111741 ], [ 0.000693772582191, 0.000257343111741 ], [ 0.000693772582191, 0.000257343069452 ], [ 0.000693772534002, 0.000257343069452 ], [ 0.000693772534002, 0.000257343196321 ], [ 0.000693772582191, 0.000257343196321 ], [ 0.000693772582191, 0.00025734336548 ], [ 0.000693772630381, 0.00025734336548 ], [ 0.000693772630381, 0.000257343492349 ], [ 0.00069377267857, 0.000257343492349 ], [ 0.00069377267857, 0.000257343661508 ], [ 0.000693772726759, 0.000257343661508 ], [ 0.000693772726759, 0.000257343830666 ], [ 0.000693772774949, 0.000257343830666 ], [ 0.000693772774949, 0.000257343957536 ], [ 0.000693772823138, 0.000257343957536 ], [ 0.000693772823138, 0.000257344084405 ], [ 0.000693772871328, 0.000257344084405 ], [ 0.000693772871328, 0.000257344211274 ], [ 0.000693772919517, 0.000257344211274 ], [ 0.000693772919517, 0.000257344253564 ], [ 0.000693772967706, 0.000257344253564 ], [ 0.000693772967706, 0.000257344295853 ] ] ] } },
{ "type": "Feature", "properties": { "value": 137.0, "area_m2": 2.5253904897599191e-11 }, "geometry": { "type": "Polygon", "coordinates": [ [ [ 0.000693774461577, 0.000257342604265 ], [ 0.000693774509767, 0.000257342604265 ], [ 0.000693774509767, 0.000257342561975 ], [ 0.000693774461577, 0.000257342561975 ], [ 0.000693774461577, 0.000257342604265 ] ] ] } },
{ "type": "Feature", "properties": { "value": 61.0, "area_m2": 8.7883589080618173e-09 }, "geometry": { "type": "Polygon", "coordinates": [ [ [ 0.000693777834834, 0.00025734332319 ], [ 0.000693778316728, 0.00025734332319 ], [ 0.000693778316728, 0.0002573432809 ], [ 0.000693778461296, 0.0002573432809 ], [ 0.000693778461296, 0.00025734323861 ], [ 0.000693778557675, 0.00025734323861 ], [ 0.000693778557675, 0.000257343196321 ], [ 0.000693778605865, 0.000257343196321 ], [ 0.000693778605865, 0.000257343111741 ], [ 0.000693778654054, 0.000257343111741 ], [ 0.000693778654054, 0.000257342984872 ], [ 0.000693778605865, 0.000257342984872 ], [ 0.000693778605865, 0.000257342773424 ], [ 0.000693778557675, 0.000257342773424 ], [ 0.000693778557675, 0.000257342688844 ], [ 0.000693778509486, 0.000257342688844 ], [ 0.000693778509486, 0.000257342604265 ], [ 0.000693778461296, 0.000257342604265 ], [ 0.000693778461296, 0.000257342561975 ], [ 0.000693778413107, 0.000257342561975 ], [ 0.000693778413107, 0.000257342519685 ], [ 0.000693778268539, 0.000257342519685 ], [ 0.000693778268539, 0.000257342477396 ], [ 0.000693778075781, 0.000257342477396 ], [ 0.000693778075781, 0.000257342519685 ], [ 0.000693777883024, 0.000257342519685 ], [ 0.000693777883024, 0.000257342561975 ], [ 0.000693777593888, 0.000257342561975 ], [ 0.000693777593888, 0.000257342646555 ], [ 0.000693777642077, 0.000257342646555 ], [ 0.000693777642077, 0.000257343069452 ], [ 0.000693777690266, 0.000257343069452 ], [ 0.000693777690266, 0.000257343154031 ], [ 0.000693777738456, 0.000257343154031 ], [ 0.000693777738456, 0.00025734323861 ], [ 0.000693777786645, 0.00025734323861 ], [ 0.000693777786645, 0.0002573432809 ], [ 0.000693777834834, 0.0002573432809 ], [ 0.000693777834834, 0.00025734332319 ] ] ] } },
{ "type": "Feature", "properties": { "value": 137.0, "area_m2": 2.5253904897599191e-11 }, "geometry": { "type": "Polygon", "coordinates": [ [ [ 0.000693774413388, 0.000257342519685 ], [ 0.000693774461577, 0.000257342519685 ], [ 0.000693774461577, 0.000257342477396 ], [ 0.000693774413388, 0.000257342477396 ], [ 0.000693774413388, 0.000257342519685 ] ] ] } },
{ "type": "Feature", "properties": { "value": 137.0, "area_m2": 5.0507809833314865e-11 }, "geometry": { "type": "Polygon", "coordinates": [ [ [ 0.000693772774949, 0.000257342392816 ], [ 0.000693772871328, 0.000257342392816 ], [ 0.000693772871328, 0.000257342350527 ], [ 0.000693772774949, 0.000257342350527 ], [ 0.000693772774949, 0.000257342392816 ] ] ] } },
{ "type": "Feature", "properties": { "value": 116.0, "area_m2": 1.9117206015163059e-08 }, "geometry": { "type": "Polygon", "coordinates": [ [ [ 0.000693766847654, 0.000257343154031 ], [ 0.000693767425927, 0.000257343154031 ], [ 0.000693767425927, 0.000257343111741 ], [ 0.000693767715063, 0.000257343111741 ], [ 0.000693767715063, 0.000257343069452 ], [ 0.000693768196957, 0.000257343069452 ], [ 0.000693768196957, 0.000257343027162 ], [ 0.000693768341525, 0.000257343027162 ], [ 0.000693768341525, 0.000257342984872 ], [ 0.000693768486093, 0.000257342984872 ], [ 0.000693768486093, 0.000257342942583 ], [ 0.000693768630662, 0.000257342942583 ], [ 0.000693768630662, 0.000257342900293 ], [ 0.00069376872704, 0.000257342900293 ], [ 0.00069376872704, 0.000257342858003 ], [ 0.00069376877523, 0.000257342858003 ], [ 0.00069376877523, 0.000257342815713 ], [ 0.000693768823419, 0.000257342815713 ], [ 0.000693768823419, 0.000257342731134 ], [ 0.000693768871608, 0.000257342731134 ], [ 0.000693768871608, 0.000257342646555 ], [ 0.000693768823419, 0.000257342646555 ], [ 0.000693768823419, 0.000257342561975 ], [ 0.00069376877523, 0.000257342561975 ], [ 0.00069376877523, 0.000257342477396 ], [ 0.00069376872704, 0.000257342477396 ], [ 0.00069376872704, 0.000257342265947 ], [ 0.000693767233169, 0.000257342265947 ], [ 0.000693767233169, 0.000257342308237 ], [ 0.00069376718498, 0.000257342308237 ], [ 0.00069376718498, 0.000257342350527 ], [ 0.000693767088601, 0.000257342350527 ], [ 0.000693767088601, 0.000257342392816 ], [ 0.000693766895844, 0.000257342392816 ], [ 0.000693766895844, 0.000257342435106 ], [ 0.000693766799465, 0.000257342435106 ], [ 0.000693766799465, 0.000257343111741 ], [ 0.000693766847654, 0.000257343111741 ], [ 0.000693766847654, 0.000257343154031 ] ] ] } },
{ "type": "Feature", "properties": { "value": 108.0, "area_m2": 1.6061483521486295e-08 }, "geometry": { "type": "Polygon", "coordinates": [ [ [ 0.000693798749028, 0.0002573432809 ], [ 0.000693798893597, 0.0002573432809 ], [ 0.000693798893597, 0.00025734323861 ], [ 0.000693799086354, 0.00025734323861 ], [ 0.000693799086354, 0.000257343196321 ], [ 0.000693799182733, 0.000257343196321 ], [ 0.000693799182733, 0.000257343154031 ], [ 0.000693799327301, 0.000257343154031 ], [ 0.000693799327301, 0.000257343111741 ], [ 0.00069379937549, 0.000257343111741 ], [ 0.00069379937549, 0.000257343069452 ], [ 0.000693799520059, 0.000257343069452 ], [ 0.000693799520059, 0.000257343027162 ], [ 0.000693799616437, 0.000257343027162 ], [ 0.000693799616437, 0.000257342984872 ], [ 0.000693799761006, 0.000257342984872 ], [ 0.000693799761006, 0.000257342942583 ], [ 0.000693799857384, 0.000257342942583 ], [ 0.000693799857384, 0.000257342900293 ], [ 0.000693799953763, 0.000257342900293 ], [ 0.000693799953763, 0.000257342858003 ], [ 0.000693800050142, 0.000257342858003 ], [ 0.000693800050142, 0.000257342815713 ], [ 0.000693800146521, 0.000257342815713 ], [ 0.000693800146521, 0.000257342773424 ], [ 0.000693800242899, 0.000257342773424 ], [ 0.000693800242899, 0.000257342731134 ], [ 0.000693800291089, 0.000257342731134 ], [ 0.000693800291089, 0.000257342688844 ], [ 0.000693800387468, 0.000257342688844 ], [ 0.000693800387468, 0.000257342646555 ], [ 0.000693800435657, 0.000257342646555 ], [ 0.000693800435657, 0.000257342604265 ], [ 0.000693800483846, 0.000257342604265 ], [ 0.000693800483846, 0.000257342561975 ], [ 0.000693800532036, 0.000257342561975 ], [ 0.000693800532036, 0.000257342519685 ], [ 0.000693800580225, 0.000257342519685 ], [ 0.000693800580225, 0.000257342477396 ], [ 0.000693800628415, 0.000257342477396 ], [ 0.000693800628415, 0.000257342435106 ], [ 0.000693800676604, 0.000257342435106 ], [ 0.000693800676604, 0.000257342265947 ], [ 0.000693799471869, 0.000257342265947 ], [ 0.000693799471869, 0.000257342435106 ], [ 0.00069379942368, 0.000257342435106 ], [ 0.00069379942368, 0.000257342477396 ], [ 0.00069379937549, 0.000257342477396 ], [ 0.00069379937549, 0.000257342392816 ], [ 0.000693799327301, 0.000257342392816 ], [ 0.000693799327301, 0.000257342350527 ], [ 0.000693799279112, 0.000257342350527 ], [ 0.000693799279112, 0.000257342265947 ], [ 0.000693798989975, 0.000257342265947 ], [ 0.000693798989975, 0.000257342477396 ], [ 0.000693798941786, 0.000257342477396 ], [ 0.000693798941786, 0.000257342519685 ], [ 0.000693798893597, 0.000257342519685 ], [ 0.000693798893597, 0.000257342604265 ], [ 0.000693798700839, 0.000257342604265 ], [ 0.000693798700839, 0.000257342646555 ], [ 0.00069379865265, 0.000257342646555 ], [ 0.00069379865265, 0.000257342688844 ], [ 0.00069379860446, 0.000257342688844 ], [ 0.00069379860446, 0.000257342773424 ], [ 0.000693798556271, 0.000257342773424 ], [ 0.000693798556271, 0.000257342942583 ], [ 0.00069379860446, 0.000257342942583 ], [ 0.00069379860446, 0.000257343069452 ], [ 0.00069379865265, 0.000257343069452 ], [ 0.00069379865265, 0.000257343154031 ], [ 0.000693798700839, 0.000257343154031 ], [ 0.000693798700839, 0.00025734323861 ], [ 0.000693798749028, 0.00025734323861 ], [ 0.000693798749028, 0.0002573432809 ] ] ] } },
{ "type": "Feature", "properties": { "value": 120.0, "area_m2": 2.0354647355755283e-08 }, "geometry": { "type": "Polygon", "coordinates": [ [ [ 0.000693772630381, 0.000257343154031 ], [ 0.00069377267857, 0.000257343154031 ], [ 0.00069377267857, 0.000257343111741 ], [ 0.000693772823138, 0.000257343111741 ], [ 0.000693772823138, 0.000257343069452 ], [ 0.000693772871328, 0.000257343069452 ], [ 0.000693772871328, 0.000257343111741 ], [ 0.000693773642358, 0.000257343111741 ], [ 0.000693773642358, 0.000257343154031 ], [ 0.000693773931494, 0.000257343154031 ], [ 0.000693773931494, 0.000257343111741 ], [ 0.000693774124252, 0.000257343111741 ], [ 0.000693774124252, 0.000257343069452 ], [ 0.000693774317009, 0.000257343069452 ], [ 0.000693774317009, 0.000257343027162 ], [ 0.000693774461577, 0.000257343027162 ], [ 0.000693774461577, 0.000257342984872 ], [ 0.000693774509767, 0.000257342984872 ], [ 0.000693774509767, 0.000257342604265 ], [ 0.000693774461577, 0.000257342604265 ], [ 0.000693774461577, 0.000257342519685 ], [ 0.000693774413388, 0.000257342519685 ], [ 0.000693774413388, 0.000257342392816 ], [ 0.000693774365199, 0.000257342392816 ], [ 0.000693774365199, 0.000257342265947 ], [ 0.000693773064085, 0.000257342265947 ], [ 0.000693773064085, 0.000257342308237 ], [ 0.000693773015896, 0.000257342308237 ], [ 0.000693773015896, 0.000257342350527 ], [ 0.000693772871328, 0.000257342350527 ], [ 0.000693772871328, 0.000257342392816 ], [ 0.000693772630381, 0.000257342392816 ], [ 0.000693772630381, 0.000257342435106 ], [ 0.000693772485812, 0.000257342435106 ], [ 0.000693772485812, 0.000257342477396 ], [ 0.000693772341244, 0.000257342477396 ], [ 0.000693772341244, 0.000257342519685 ], [ 0.000693772293055, 0.000257342519685 ], [ 0.000693772293055, 0.000257342646555 ], [ 0.000693772341244, 0.000257342646555 ], [ 0.000693772341244, 0.000257342688844 ], [ 0.000693772389434, 0.000257342688844 ], [ 0.000693772389434, 0.000257342815713 ], [ 0.000693772437623, 0.000257342815713 ], [ 0.000693772437623, 0.000257342942583 ], [ 0.000693772485812, 0.000257342942583 ], [ 0.000693772485812, 0.000257343027162 ], [ 0.000693772534002, 0.000257343027162 ], [ 0.000693772534002, 0.000257343069452 ], [ 0.000693772582191, 0.000257343069452 ], [ 0.000693772582191, 0.000257343111741 ], [ 0.000693772630381, 0.000257343111741 ], [ 0.000693772630381, 0.000257343154031 ] ] ] } },
{ "type": "Feature", "properties": { "value": 56.0, "area_m2": 8.5358198589333595e-09 }, "geometry": { "type": "Polygon", "coordinates": [ [ [ 0.000693791906135, 0.000257342984872 ], [ 0.000693792195272, 0.000257342984872 ], [ 0.000693792195272, 0.000257342942583 ], [ 0.000693792291651, 0.000257342942583 ], [ 0.000693792291651, 0.000257342900293 ], [ 0.00069379233984, 0.000257342900293 ], [ 0.00069379233984, 0.000257342858003 ], [ 0.000693792484408, 0.000257342858003 ], [ 0.000693792484408, 0.000257342815713 ], [ 0.000693792580787, 0.000257342815713 ], [ 0.000693792580787, 0.000257342773424 ], [ 0.000693792677166, 0.000257342773424 ], [ 0.000693792677166, 0.000257342731134 ], [ 0.000693792773544, 0.000257342731134 ], [ 0.000693792773544, 0.000257342646555 ], [ 0.000693792821734, 0.000257342646555 ], [ 0.000693792821734, 0.000257342435106 ], [ 0.000693792869923, 0.000257342435106 ], [ 0.000693792869923, 0.000257342265947 ], [ 0.000693791713378, 0.000257342265947 ], [ 0.000693791713378, 0.000257342350527 ], [ 0.000693791665189, 0.000257342350527 ], [ 0.000693791665189, 0.000257342646555 ], [ 0.000693791713378, 0.000257342646555 ], [ 0.000693791713378, 0.000257342773424 ], [ 0.000693791761567, 0.000257342773424 ], [ 0.000693791761567, 0.000257342815713 ], [ 0.000693791809757, 0.000257342815713 ], [ 0.000693791809757, 0.000257342858003 ], [ 0.000693791857946, 0.000257342858003 ], [ 0.000693791857946, 0.000257342942583 ], [ 0.000693791906135, 0.000257342942583 ], [ 0.000693791906135, 0.000257342984872 ] ] ] } },
{ "type": "Feature", "properties": { "value": 109.0, "area_m2": 1.631402257053852e-08 }, "geometry": { "type": "Polygon", "coordinates": [ [ [ 0.000693776100017, 0.0002573432809 ], [ 0.000693776389153, 0.0002573432809 ], [ 0.000693776389153, 0.00025734323861 ], [ 0.0006937766301, 0.00025734323861 ], [ 0.0006937766301, 0.000257343196321 ], [ 0.000693776919236, 0.000257343196321 ], [ 0.000693776919236, 0.000257343154031 ], [ 0.000693777160183, 0.000257343154031 ], [ 0.000693777160183, 0.000257343111741 ], [ 0.000693777208372, 0.000257343111741 ], [ 0.000693777208372, 0.000257343069452 ], [ 0.000693777256562, 0.000257343069452 ], [ 0.000693777256562, 0.000257342773424 ], [ 0.000693777208372, 0.000257342773424 ], [ 0.000693777208372, 0.000257342604265 ], [ 0.000693777160183, 0.000257342604265 ], [ 0.000693777160183, 0.000257342519685 ], [ 0.000693777111994, 0.000257342519685 ], [ 0.000693777111994, 0.000257342435106 ], [ 0.000693777063804, 0.000257342435106 ], [ 0.000693777063804, 0.000257342265947 ], [ 0.000693775762691, 0.000257342265947 ], [ 0.000693775762691, 0.000257342392816 ], [ 0.000693775714501, 0.000257342392816 ], [ 0.000693775714501, 0.000257342519685 ], [ 0.000693775762691, 0.000257342519685 ], [ 0.000693775762691, 0.000257342815713 ], [ 0.00069377581088, 0.000257342815713 ], [ 0.00069377581088, 0.000257342984872 ], [ 0.00069377585907, 0.000257342984872 ], [ 0.00069377585907, 0.000257343069452 ], [ 0.000693775907259, 0.000257343069452 ], [ 0.000693775907259, 0.000257343154031 ], [ 0.000693775955448, 0.000257343154031 ], [ 0.000693775955448, 0.000257343196321 ], [ 0.000693776003638, 0.000257343196321 ], [ 0.000693776003638, 0.00025734323861 ], [ 0.000693776100017, 0.00025734323861 ], [ 0.000693776100017, 0.0002573432809 ] ] ] } },
{ "type": "Feature", "properties": { "value": 137.0, "area_m2": 7.5761714730914056e-11 }, "geometry": { "type": "Polygon", "coordinates": [ [ [ 0.000693774365199, 0.000257342392816 ], [ 0.000693774413388, 0.000257342392816 ], [ 0.000693774413388, 0.000257342265947 ], [ 0.000693774365199, 0.000257342265947 ], [ 0.000693774365199, 0.000257342392816 ] ] ] } },
{ "type": "Feature", "properties": { "value": 137.0, "area_m2": 1.5152342944276987e-10 }, "geometry": { "type": "Polygon", "coordinates": [ [ [ 0.000693772871328, 0.000257342350527 ], [ 0.000693773015896, 0.000257342350527 ], [ 0.000693773015896, 0.000257342308237 ], [ 0.000693773064085, 0.000257342308237 ], [ 0.000693773064085, 0.000257342265947 ], [ 0.000693772919517, 0.000257342265947 ], [ 0.000693772919517, 0.000257342308237 ], [ 0.000693772871328, 0.000257342308237 ], [ 0.000693772871328, 0.000257342350527 ] ] ] } }
]
}
